location_id,date,temperature,rainfall,humidity,flood_probability,cyclone_probability,heatwave_probability,is_projected,projection_year
1,2025-09-21,26.5,406.3,77.4,0.702,0.534,0.02,False,
1,2025-09-20,31.3,461.1,87.4,0.831,0.501,0.0,False,
1,2025-09-19,28.1,198.1,75.0,0.265,0.676,0.034,False,
1,2025-09-18,31.3,487.0,87.8,0.765,0.689,0.0,False,
1,2025-09-17,23.2,412.4,80.1,0.751,0.66,0.0,False,
1,2025-09-16,23.7,269.1,81.5,0.331,0.601,0.086,False,
1,2025-09-15,28.1,411.9,85.4,0.697,0.599,0.0,False,
1,2025-09-14,31.7,354.0,82.2,0.505,0.633,0.0,False,
1,2025-09-13,27.8,351.3,80.3,0.617,0.69,0.06,False,
1,2025-09-12,27.6,342.3,88.0,0.55,0.564,0.085,False,
1,2025-09-11,28.4,203.1,84.3,0.297,0.64,0.048,False,
1,2025-09-10,24.4,300.3,86.2,0.416,0.545,0.0,False,
1,2025-09-09,25.5,150.3,88.1,0.246,0.628,0.0,False,
1,2025-09-08,26.7,464.6,88.3,0.648,0.576,0.0,False,
1,2025-09-07,27.7,341.0,79.7,0.46,0.661,0.076,False,
1,2025-09-06,27.0,358.4,84.4,0.552,0.52,0.049,False,
1,2025-09-05,30.4,214.7,85.8,0.282,0.656,0.047,False,
1,2025-09-04,31.8,421.2,81.8,0.672,0.584,0.09,False,
1,2025-09-03,22.5,198.4,76.8,0.261,0.577,0.0,False,
1,2025-09-02,22.9,432.5,81.3,0.772,0.616,0.032,False,
1,2025-09-01,22.8,405.6,78.1,0.594,0.621,0.035,False,
1,2025-08-31,24.8,258.3,75.2,0.436,0.665,0.0,False,
1,2025-08-30,23.0,455.3,81.4,0.823,0.693,0.033,False,
1,2025-08-29,27.1,400.9,79.0,0.626,0.557,0.0,False,
1,2025-08-28,26.7,452.8,80.4,0.685,0.645,0.0,False,
1,2025-08-27,28.1,181.2,81.1,0.326,0.626,0.058,False,
1,2025-08-26,25.7,496.6,77.6,0.819,0.675,0.063,False,
1,2025-08-25,28.5,321.3,85.5,0.584,0.691,0.0,False,
1,2025-08-24,26.7,164.5,77.6,0.351,0.519,0.0,False,
1,2025-08-23,27.9,400.6,82.3,0.633,0.553,0.0,False,
1,2025-08-22,27.9,429.1,82.0,0.744,0.619,0.0,False,
2,2025-09-21,26.4,278.2,82.5,0.536,0.116,0.078,False,
2,2025-09-20,25.1,404.9,94.0,0.707,0.028,0.001,False,
2,2025-09-19,27.3,236.7,86.1,0.376,0.138,0.0,False,
2,2025-09-18,29.4,468.0,90.3,0.672,0.085,0.0,False,
2,2025-09-17,28.0,312.1,82.4,0.43,0.01,0.059,False,
2,2025-09-16,22.4,224.3,92.5,0.34,0.045,0.065,False,
2,2025-09-15,25.6,452.6,85.8,0.813,0.0,0.0,False,
2,2025-09-14,28.9,448.7,80.1,0.719,0.162,0.0,False,
2,2025-09-13,29.0,272.5,84.1,0.447,0.0,0.0,False,
2,2025-09-12,29.9,429.2,88.8,0.767,0.165,0.0,False,
2,2025-09-11,26.0,354.3,92.1,0.572,0.143,0.0,False,
2,2025-09-10,22.4,280.7,83.3,0.364,0.146,0.0,False,
2,2025-09-09,22.6,419.3,83.5,0.665,0.036,0.071,False,
2,2025-09-08,29.5,214.0,89.9,0.343,0.164,0.0,False,
2,2025-09-07,22.8,216.3,89.4,0.434,0.168,0.021,False,
2,2025-09-06,25.9,295.8,93.1,0.479,0.159,0.085,False,
2,2025-09-05,28.1,297.8,92.2,0.546,0.097,0.0,False,
2,2025-09-04,29.5,211.0,89.5,0.254,0.088,0.0,False,
2,2025-09-03,22.1,462.3,90.9,0.798,0.055,0.0,False,
2,2025-09-02,24.8,346.1,94.0,0.482,0.0,0.034,False,
2,2025-09-01,27.2,478.1,92.0,0.809,0.004,0.0,False,
2,2025-08-31,24.6,434.3,83.4,0.702,0.08,0.07,False,
2,2025-08-30,28.7,490.8,88.9,0.749,0.164,0.0,False,
2,2025-08-29,24.2,416.1,91.9,0.751,0.013,0.0,False,
2,2025-08-28,28.5,375.4,83.6,0.544,0.0,0.0,False,
2,2025-08-27,24.9,306.5,88.9,0.479,0.0,0.0,False,
2,2025-08-26,25.5,303.6,86.1,0.471,0.038,0.0,False,
2,2025-08-25,25.1,467.2,89.6,0.739,0.091,0.01,False,
2,2025-08-24,29.5,240.1,89.3,0.364,0.008,0.0,False,
2,2025-08-23,27.6,267.7,90.4,0.52,0.071,0.0,False,
2,2025-08-22,24.6,319.8,89.8,0.474,0.0,0.047,False,
3,2025-09-21,25.0,308.5,87.8,0.488,0.096,0.0,False,
3,2025-09-20,28.6,316.6,83.0,0.423,0.124,0.031,False,
3,2025-09-19,26.6,255.4,94.7,0.448,0.135,0.057,False,
3,2025-09-18,26.0,417.9,83.5,0.681,0.129,0.0,False,
3,2025-09-17,23.4,471.2,82.2,0.75,0.116,0.075,False,
3,2025-09-16,26.6,379.6,90.9,0.569,0.166,0.0,False,
3,2025-09-15,24.1,266.5,91.5,0.476,0.06,0.0,False,
3,2025-09-14,23.6,448.6,82.5,0.675,0.079,0.069,False,
3,2025-09-13,27.0,477.2,88.5,0.774,0.029,0.008,False,
3,2025-09-12,25.5,430.1,89.8,0.773,0.171,0.07,False,
3,2025-09-11,23.7,259.4,94.3,0.405,0.09,0.0,False,
3,2025-09-10,25.8,207.0,86.4,0.429,0.074,0.066,False,
3,2025-09-09,27.1,450.7,94.7,0.624,0.097,0.095,False,
3,2025-09-08,28.8,225.6,82.9,0.402,0.135,0.095,False,
3,2025-09-07,29.4,234.0,82.9,0.293,0.087,0.0,False,
3,2025-09-06,27.6,351.6,86.2,0.627,0.151,0.033,False,
3,2025-09-05,29.0,303.2,91.6,0.471,0.012,0.0,False,
3,2025-09-04,25.3,316.6,90.3,0.477,0.0,0.0,False,
3,2025-09-03,26.8,292.5,84.4,0.431,0.114,0.0,False,
3,2025-09-02,23.5,214.7,91.5,0.392,0.155,0.014,False,
3,2025-09-01,24.9,314.3,88.5,0.411,0.058,0.0,False,
3,2025-08-31,26.3,203.1,89.8,0.337,0.0,0.077,False,
3,2025-08-30,26.1,264.5,83.8,0.438,0.065,0.0,False,
3,2025-08-29,29.0,357.4,92.1,0.49,0.061,0.0,False,
3,2025-08-28,23.2,481.2,85.5,0.741,0.09,0.0,False,
3,2025-08-27,22.3,384.5,84.3,0.659,0.083,0.077,False,
3,2025-08-26,26.2,499.6,94.5,0.887,0.0,0.0,False,
3,2025-08-25,27.2,382.2,81.4,0.532,0.126,0.098,False,
3,2025-08-24,22.8,313.7,84.4,0.436,0.044,0.023,False,
3,2025-08-23,29.1,329.9,94.4,0.588,0.158,0.093,False,
3,2025-08-22,25.2,223.1,94.6,0.452,0.001,0.0,False,
4,2025-09-21,29.0,304.1,77.6,0.581,0.153,0.0,False,
4,2025-09-20,29.4,339.0,79.0,0.497,0.052,0.029,False,
4,2025-09-19,29.1,496.0,90.7,0.869,0.0,0.0,False,
4,2025-09-18,30.7,428.6,79.4,0.75,0.1,0.0,False,
4,2025-09-17,26.5,312.4,78.8,0.436,0.0,0.0,False,
4,2025-09-16,29.5,446.5,87.0,0.617,0.161,0.099,False,
4,2025-09-15,29.1,496.5,81.3,0.89,0.0,0.08,False,
4,2025-09-14,28.4,459.1,92.5,0.698,0.119,0.0,False,
4,2025-09-13,27.9,292.6,77.0,0.402,0.0,0.069,False,
4,2025-09-12,28.8,439.9,94.6,0.675,0.057,0.0,False,
4,2025-09-11,31.8,402.2,94.2,0.623,0.038,0.0,False,
4,2025-09-10,31.4,397.8,83.2,0.593,0.126,0.088,False,
4,2025-09-09,30.6,420.6,93.9,0.673,0.106,0.0,False,
4,2025-09-08,27.9,433.2,83.1,0.701,0.164,0.013,False,
4,2025-09-07,32.5,279.9,77.8,0.41,0.074,0.071,False,
4,2025-09-06,32.7,430.1,93.5,0.763,0.153,0.0,False,
4,2025-09-05,28.3,397.2,90.2,0.698,0.0,0.023,False,
4,2025-09-04,28.2,427.1,79.2,0.742,0.0,0.0,False,
4,2025-09-03,32.0,260.6,88.7,0.322,0.002,0.029,False,
4,2025-09-02,25.9,363.6,75.6,0.608,0.059,0.0,False,
4,2025-09-01,26.7,368.6,75.1,0.571,0.085,0.0,False,
4,2025-08-31,30.0,405.8,91.0,0.733,0.04,0.002,False,
4,2025-08-30,28.7,207.8,80.3,0.373,0.149,0.0,False,
4,2025-08-29,29.3,294.3,88.0,0.374,0.122,0.023,False,
4,2025-08-28,31.1,283.7,85.2,0.458,0.028,0.0,False,
4,2025-08-27,29.9,430.9,88.8,0.71,0.029,0.0,False,
4,2025-08-26,28.3,447.8,91.5,0.771,0.013,0.0,False,
4,2025-08-25,32.9,314.7,93.1,0.421,0.134,0.0,False,
4,2025-08-24,25.1,255.1,76.4,0.498,0.134,0.0,False,
4,2025-08-23,31.8,398.9,94.1,0.602,0.049,0.066,False,
4,2025-08-22,29.4,333.5,84.7,0.573,0.076,0.018,False,
5,2025-09-21,32.1,208.6,70.6,0.294,0.029,0.0,False,
5,2025-09-20,29.2,146.0,78.2,0.3,0.129,0.074,False,
5,2025-09-19,26.8,180.7,66.8,0.337,0.0,0.0,False,
5,2025-09-18,26.5,236.3,78.6,0.378,0.05,0.099,False,
5,2025-09-17,27.7,344.7,83.7,0.481,0.088,0.09,False,
5,2025-09-16,25.5,101.5,78.5,0.144,0.124,0.055,False,
5,2025-09-15,25.0,337.3,75.7,0.478,0.168,0.0,False,
5,2025-09-14,33.3,140.7,81.7,0.155,0.0,0.05,False,
5,2025-09-13,25.4,261.7,79.6,0.324,0.027,0.0,False,
5,2025-09-12,25.2,142.0,67.6,0.199,0.093,0.0,False,
5,2025-09-11,30.9,330.7,84.8,0.46,0.032,0.0,False,
5,2025-09-10,27.8,318.0,82.6,0.569,0.045,0.0,False,
5,2025-09-09,25.5,262.8,76.1,0.371,0.088,0.005,False,
5,2025-09-08,30.4,341.5,73.9,0.512,0.159,0.007,False,
5,2025-09-07,31.2,274.3,83.2,0.356,0.175,0.0,False,
5,2025-09-06,32.1,262.8,75.9,0.497,0.0,0.0,False,
5,2025-09-05,30.9,259.7,77.8,0.4,0.001,0.0,False,
5,2025-09-04,25.8,332.4,74.2,0.511,0.055,0.0,False,
5,2025-09-03,30.7,154.6,82.5,0.248,0.09,0.005,False,
5,2025-09-02,34.2,135.3,74.9,0.127,0.165,0.08,False,
5,2025-09-01,34.5,105.8,80.5,0.198,0.081,0.0,False,
5,2025-08-31,26.7,131.3,80.4,0.17,0.151,0.006,False,
5,2025-08-30,31.4,137.9,74.5,0.218,0.02,0.057,False,
5,2025-08-29,30.2,127.5,77.8,0.259,0.05,0.0,False,
5,2025-08-28,27.7,209.0,74.9,0.395,0.046,0.094,False,
5,2025-08-27,34.9,273.9,74.9,0.499,0.085,0.042,False,
5,2025-08-26,32.7,336.7,84.9,0.56,0.052,0.0,False,
5,2025-08-25,27.7,249.1,68.0,0.426,0.0,0.028,False,
5,2025-08-24,32.9,310.9,72.0,0.552,0.124,0.0,False,
5,2025-08-23,25.2,203.8,79.0,0.327,0.136,0.017,False,
5,2025-08-22,29.5,132.3,68.2,0.307,0.08,0.001,False,
6,2025-09-21,26.2,351.8,81.6,0.524,0.609,0.072,False,
6,2025-09-20,30.4,128.3,84.7,0.203,0.626,0.0,False,
6,2025-09-19,32.3,359.1,70.2,0.57,0.655,0.0,False,
6,2025-09-18,25.8,288.2,82.1,0.525,0.539,0.034,False,
6,2025-09-17,25.1,263.0,75.0,0.364,0.599,0.055,False,
6,2025-09-16,30.5,314.3,89.1,0.601,0.574,0.0,False,
6,2025-09-15,29.9,339.6,79.5,0.447,0.63,0.0,False,
6,2025-09-14,30.0,136.1,78.6,0.145,0.551,0.0,False,
6,2025-09-13,34.1,148.1,84.9,0.241,0.564,0.081,False,
6,2025-09-12,31.2,329.4,77.4,0.498,0.504,0.077,False,
6,2025-09-11,27.9,158.0,72.6,0.31,0.557,0.0,False,
6,2025-09-10,28.2,114.5,70.0,0.09,0.626,0.0,False,
6,2025-09-09,28.7,156.3,81.9,0.294,0.575,0.082,False,
6,2025-09-08,25.1,109.8,83.2,0.231,0.6,0.0,False,
6,2025-09-07,29.8,152.6,81.7,0.256,0.602,0.079,False,
6,2025-09-06,29.5,397.5,84.7,0.682,0.511,0.022,False,
6,2025-09-05,28.1,221.8,73.8,0.438,0.561,0.075,False,
6,2025-09-04,30.0,200.0,71.2,0.34,0.642,0.0,False,
6,2025-09-03,26.2,158.2,76.9,0.289,0.537,0.0,False,
6,2025-09-02,34.3,117.5,81.2,0.195,0.58,0.05,False,
6,2025-09-01,29.7,292.1,74.4,0.54,0.511,0.0,False,
6,2025-08-31,25.2,117.7,79.3,0.124,0.53,0.0,False,
6,2025-08-30,31.4,323.9,87.9,0.438,0.593,0.0,False,
6,2025-08-29,25.3,395.9,76.7,0.721,0.649,0.001,False,
6,2025-08-28,34.7,136.8,79.9,0.172,0.522,0.066,False,
6,2025-08-27,34.0,231.5,71.8,0.297,0.673,0.0,False,
6,2025-08-26,27.9,188.1,79.9,0.224,0.691,0.068,False,
6,2025-08-25,31.5,314.3,79.3,0.515,0.558,0.009,False,
6,2025-08-24,28.6,147.6,87.0,0.176,0.559,0.053,False,
6,2025-08-23,26.4,140.5,86.7,0.319,0.648,0.0,False,
6,2025-08-22,25.8,306.1,75.3,0.51,0.69,0.0,False,
7,2025-09-21,31.9,184.8,72.4,0.302,0.586,0.064,False,
7,2025-09-20,33.7,305.6,72.4,0.576,0.665,0.0,False,
7,2025-09-19,34.4,376.5,81.7,0.528,0.602,0.0,False,
7,2025-09-18,26.5,198.5,88.7,0.393,0.629,0.0,False,
7,2025-09-17,25.6,144.0,79.0,0.201,0.684,0.0,False,
7,2025-09-16,27.7,226.3,74.8,0.407,0.52,0.0,False,
7,2025-09-15,31.4,152.2,83.3,0.181,0.68,0.0,False,
7,2025-09-14,32.2,311.3,73.9,0.502,0.553,0.01,False,
7,2025-09-13,27.9,205.4,82.2,0.426,0.568,0.0,False,
7,2025-09-12,33.9,176.7,74.7,0.195,0.641,0.009,False,
7,2025-09-11,26.0,397.3,73.1,0.552,0.688,0.032,False,
7,2025-09-10,28.0,126.6,80.2,0.256,0.674,0.051,False,
7,2025-09-09,32.8,382.2,87.1,0.576,0.651,0.031,False,
7,2025-09-08,32.5,177.3,77.7,0.348,0.551,0.0,False,
7,2025-09-07,31.3,215.9,82.7,0.368,0.621,0.0,False,
7,2025-09-06,27.8,324.8,78.1,0.599,0.542,0.0,False,
7,2025-09-05,26.4,303.3,89.3,0.4,0.644,0.076,False,
7,2025-09-04,31.2,101.7,83.6,0.188,0.608,0.057,False,
7,2025-09-03,34.5,168.9,80.8,0.259,0.59,0.0,False,
7,2025-09-02,31.8,272.9,81.5,0.455,0.604,0.0,False,
7,2025-09-01,25.2,275.0,81.2,0.351,0.505,0.0,False,
7,2025-08-31,34.4,288.7,70.8,0.393,0.631,0.0,False,
7,2025-08-30,34.6,267.1,78.7,0.372,0.616,0.0,False,
7,2025-08-29,28.3,160.2,70.3,0.198,0.612,0.0,False,
7,2025-08-28,31.5,184.3,81.0,0.236,0.511,0.009,False,
7,2025-08-27,27.6,278.8,83.3,0.534,0.512,0.0,False,
7,2025-08-26,31.2,227.8,88.6,0.349,0.628,0.0,False,
7,2025-08-25,29.9,200.3,75.2,0.308,0.606,0.039,False,
7,2025-08-24,27.4,163.2,80.6,0.263,0.685,0.0,False,
7,2025-08-23,32.3,390.1,72.3,0.699,0.63,0.0,False,
7,2025-08-22,26.6,304.3,79.1,0.406,0.669,0.064,False,
8,2025-09-21,25.9,302.8,77.9,0.392,0.148,0.0,False,
8,2025-09-20,26.7,393.3,89.4,0.666,0.016,0.025,False,
8,2025-09-19,31.6,295.2,75.6,0.377,0.027,0.0,False,
8,2025-09-18,31.3,319.1,73.5,0.452,0.046,0.0,False,
8,2025-09-17,26.4,427.7,84.3,0.728,0.001,0.1,False,
8,2025-09-16,34.3,337.2,76.8,0.54,0.039,0.064,False,
8,2025-09-15,30.6,153.0,85.3,0.296,0.068,0.097,False,
8,2025-09-14,25.1,424.4,83.8,0.631,0.045,0.09,False,
8,2025-09-13,28.6,247.3,82.5,0.46,0.062,0.0,False,
8,2025-09-12,26.6,308.0,77.3,0.473,0.159,0.061,False,
8,2025-09-11,31.3,119.0,88.0,0.271,0.026,0.096,False,
8,2025-09-10,27.2,200.8,77.4,0.326,0.169,0.068,False,
8,2025-09-09,33.8,256.2,75.4,0.365,0.0,0.039,False,
8,2025-09-08,29.7,400.4,71.9,0.578,0.039,0.035,False,
8,2025-09-07,27.5,374.3,76.5,0.626,0.03,0.038,False,
8,2025-09-06,29.1,301.8,80.9,0.469,0.078,0.05,False,
8,2025-09-05,25.2,472.7,85.4,0.734,0.0,0.06,False,
8,2025-09-04,27.9,335.8,85.2,0.488,0.15,0.075,False,
8,2025-09-03,28.4,409.1,73.3,0.589,0.126,0.034,False,
8,2025-09-02,28.7,438.1,74.5,0.729,0.12,0.0,False,
8,2025-09-01,28.5,426.0,70.6,0.634,0.0,0.072,False,
8,2025-08-31,34.2,235.7,72.9,0.312,0.168,0.089,False,
8,2025-08-30,27.2,473.9,88.7,0.704,0.059,0.0,False,
8,2025-08-29,32.0,432.6,73.0,0.646,0.0,0.0,False,
8,2025-08-28,32.1,271.3,84.0,0.376,0.091,0.0,False,
8,2025-08-27,33.7,396.6,74.3,0.707,0.071,0.047,False,
8,2025-08-26,27.7,313.8,74.5,0.587,0.105,0.043,False,
8,2025-08-25,26.8,465.3,77.8,0.681,0.075,0.098,False,
8,2025-08-24,31.8,147.8,82.8,0.319,0.0,0.0,False,
8,2025-08-23,28.7,363.1,84.0,0.668,0.082,0.019,False,
8,2025-08-22,26.6,485.5,82.8,0.711,0.0,0.071,False,
9,2025-09-21,29.4,473.4,88.4,0.812,0.05,0.031,False,
9,2025-09-20,27.6,220.0,72.7,0.311,0.006,0.0,False,
9,2025-09-19,27.3,400.1,84.0,0.651,0.0,0.006,False,
9,2025-09-18,34.6,268.9,78.8,0.444,0.116,0.002,False,
9,2025-09-17,26.8,108.5,85.3,0.143,0.111,0.0,False,
9,2025-09-16,27.4,336.1,75.7,0.502,0.019,0.072,False,
9,2025-09-15,33.9,421.9,81.2,0.584,0.0,0.028,False,
9,2025-09-14,30.7,348.5,86.1,0.519,0.158,0.0,False,
9,2025-09-13,27.1,423.8,81.3,0.685,0.107,0.0,False,
9,2025-09-12,29.1,400.7,79.8,0.575,0.0,0.028,False,
9,2025-09-11,33.7,461.6,86.1,0.802,0.001,0.0,False,
9,2025-09-10,32.7,307.3,75.4,0.579,0.167,0.041,False,
9,2025-09-09,27.2,267.4,75.1,0.482,0.117,0.012,False,
9,2025-09-08,34.2,316.6,86.4,0.484,0.03,0.064,False,
9,2025-09-07,30.1,262.7,79.7,0.507,0.119,0.0,False,
9,2025-09-06,25.7,369.0,73.9,0.52,0.057,0.0,False,
9,2025-09-05,33.0,228.4,81.3,0.285,0.067,0.098,False,
9,2025-09-04,31.7,115.0,78.2,0.182,0.0,0.0,False,
9,2025-09-03,26.7,315.0,85.6,0.499,0.031,0.042,False,
9,2025-09-02,30.4,146.3,78.1,0.259,0.105,0.056,False,
9,2025-09-01,25.2,445.5,79.1,0.633,0.139,0.0,False,
9,2025-08-31,30.3,459.8,70.8,0.698,0.051,0.0,False,
9,2025-08-30,29.1,319.7,81.1,0.577,0.086,0.0,False,
9,2025-08-29,29.6,101.3,80.2,0.082,0.053,0.098,False,
9,2025-08-28,30.8,424.1,84.4,0.594,0.132,0.0,False,
9,2025-08-27,28.6,310.4,83.0,0.474,0.051,0.008,False,
9,2025-08-26,29.1,256.6,89.4,0.451,0.132,0.0,False,
9,2025-08-25,29.4,444.2,87.1,0.752,0.122,0.082,False,
9,2025-08-24,31.7,376.7,71.8,0.66,0.093,0.0,False,
9,2025-08-23,30.7,418.8,78.7,0.58,0.154,0.0,False,
9,2025-08-22,33.2,342.2,88.0,0.492,0.106,0.075,False,
10,2025-09-21,26.8,352.9,91.1,0.661,0.0,0.0,False,
10,2025-09-20,27.2,416.0,94.1,0.73,0.122,0.074,False,
10,2025-09-19,29.3,495.1,77.6,0.827,0.145,0.0,False,
10,2025-09-18,29.6,413.3,93.2,0.646,0.032,0.081,False,
10,2025-09-17,26.6,305.1,90.2,0.413,0.115,0.0,False,
10,2025-09-16,26.3,417.5,82.1,0.752,0.116,0.094,False,
10,2025-09-15,31.3,390.8,82.3,0.682,0.054,0.043,False,
10,2025-09-14,29.5,353.6,93.8,0.526,0.0,0.001,False,
10,2025-09-13,29.2,260.9,90.4,0.382,0.0,0.053,False,
10,2025-09-12,31.9,284.6,92.6,0.509,0.103,0.033,False,
10,2025-09-11,32.2,327.5,85.6,0.43,0.092,0.0,False,
10,2025-09-10,26.9,353.6,86.6,0.594,0.128,0.0,False,
10,2025-09-09,27.8,235.4,83.8,0.428,0.118,0.0,False,
10,2025-09-08,25.0,342.3,88.2,0.483,0.097,0.0,False,
10,2025-09-07,28.5,202.8,76.0,0.265,0.151,0.051,False,
10,2025-09-06,25.1,245.5,75.7,0.423,0.136,0.0,False,
10,2025-09-05,27.0,264.4,93.2,0.417,0.006,0.0,False,
10,2025-09-04,26.0,476.1,84.7,0.7,0.051,0.0,False,
10,2025-09-03,25.9,487.8,93.5,0.829,0.173,0.0,False,
10,2025-09-02,30.4,224.4,93.8,0.293,0.166,0.004,False,
10,2025-09-01,29.2,253.3,77.2,0.41,0.0,0.0,False,
10,2025-08-31,31.8,436.1,89.3,0.738,0.144,0.0,False,
10,2025-08-30,30.6,253.3,92.5,0.397,0.022,0.0,False,
10,2025-08-29,29.7,232.3,94.0,0.408,0.11,0.0,False,
10,2025-08-28,27.3,443.2,85.4,0.654,0.131,0.012,False,
10,2025-08-27,31.9,445.6,91.1,0.762,0.173,0.0,False,
10,2025-08-26,30.7,483.2,82.5,0.812,0.146,0.0,False,
10,2025-08-25,28.5,207.9,75.7,0.319,0.134,0.0,False,
10,2025-08-24,25.4,336.2,91.3,0.482,0.107,0.053,False,
10,2025-08-23,29.5,294.2,94.2,0.567,0.088,0.086,False,
10,2025-08-22,27.2,480.1,88.2,0.7,0.0,0.002,False,
11,2025-09-21,29.4,415.9,81.2,0.595,0.111,0.0,False,
11,2025-09-20,30.2,260.8,82.5,0.433,0.0,0.0,False,
11,2025-09-19,26.5,453.9,80.6,0.711,0.066,0.053,False,
11,2025-09-18,26.4,279.1,84.3,0.399,0.138,0.052,False,
11,2025-09-17,24.1,468.6,86.9,0.685,0.024,0.0,False,
11,2025-09-16,27.0,420.3,81.1,0.682,0.007,0.091,False,
11,2025-09-15,31.7,321.0,83.8,0.562,0.0,0.0,False,
11,2025-09-14,29.3,365.4,78.5,0.625,0.0,0.0,False,
11,2025-09-13,22.3,272.1,87.1,0.434,0.074,0.0,False,
11,2025-09-12,28.5,190.3,75.2,0.329,0.069,0.0,False,
11,2025-09-11,28.4,266.0,82.6,0.452,0.146,0.0,False,
11,2025-09-10,25.3,445.1,82.8,0.63,0.095,0.032,False,
11,2025-09-09,24.0,427.7,87.7,0.71,0.039,0.0,False,
11,2025-09-08,24.6,487.4,80.4,0.847,0.0,0.016,False,
11,2025-09-07,29.7,312.7,79.6,0.47,0.136,0.039,False,
11,2025-09-06,22.1,210.9,83.5,0.317,0.12,0.036,False,
11,2025-09-05,28.5,202.1,88.0,0.318,0.038,0.0,False,
11,2025-09-04,30.1,170.4,87.4,0.236,0.0,0.0,False,
11,2025-09-03,26.3,345.4,83.2,0.593,0.035,0.0,False,
11,2025-09-02,25.9,152.9,84.0,0.146,0.134,0.077,False,
11,2025-09-01,26.2,363.1,86.0,0.592,0.124,0.064,False,
11,2025-08-31,27.4,182.2,78.9,0.297,0.127,0.097,False,
11,2025-08-30,27.0,155.9,76.4,0.171,0.167,0.0,False,
11,2025-08-29,28.5,317.7,87.5,0.426,0.054,0.089,False,
11,2025-08-28,24.1,351.4,84.3,0.572,0.153,0.009,False,
11,2025-08-27,29.6,225.2,89.4,0.291,0.06,0.086,False,
11,2025-08-26,29.1,351.4,81.3,0.507,0.096,0.043,False,
11,2025-08-25,30.4,160.1,80.4,0.251,0.099,0.0,False,
11,2025-08-24,30.8,403.7,79.0,0.604,0.134,0.0,False,
11,2025-08-23,29.6,220.6,86.4,0.268,0.053,0.036,False,
11,2025-08-22,28.0,296.3,75.7,0.479,0.0,0.023,False,
12,2025-09-21,25.2,214.1,80.5,0.252,0.537,0.034,False,
12,2025-09-20,26.0,348.2,78.5,0.613,0.504,0.092,False,
12,2025-09-19,23.1,167.7,77.8,0.253,0.642,0.0,False,
12,2025-09-18,30.7,465.6,81.6,0.67,0.575,0.056,False,
12,2025-09-17,22.1,486.7,78.6,0.709,0.596,0.0,False,
12,2025-09-16,31.3,326.8,88.3,0.521,0.501,0.0,False,
12,2025-09-15,23.6,246.2,80.9,0.398,0.574,0.01,False,
12,2025-09-14,25.2,292.5,84.6,0.541,0.551,0.082,False,
12,2025-09-13,30.8,457.7,75.0,0.738,0.504,0.009,False,
12,2025-09-12,27.7,298.0,80.5,0.424,0.533,0.01,False,
12,2025-09-11,31.1,371.8,80.0,0.533,0.648,0.036,False,
12,2025-09-10,30.7,186.6,83.9,0.349,0.585,0.082,False,
12,2025-09-09,31.4,187.5,90.0,0.226,0.588,0.0,False,
12,2025-09-08,31.8,377.9,77.5,0.638,0.536,0.0,False,
12,2025-09-07,26.9,187.2,80.2,0.289,0.641,0.0,False,
12,2025-09-06,28.6,318.7,87.1,0.469,0.587,0.049,False,
12,2025-09-05,22.9,337.1,77.0,0.582,0.619,0.095,False,
12,2025-09-04,27.9,255.8,81.1,0.467,0.505,0.0,False,
12,2025-09-03,30.9,362.1,77.0,0.662,0.585,0.0,False,
12,2025-09-02,23.8,226.3,89.9,0.453,0.543,0.0,False,
12,2025-09-01,30.4,486.9,78.3,0.729,0.7,0.059,False,
12,2025-08-31,24.4,337.6,80.0,0.62,0.589,0.0,False,
12,2025-08-30,25.9,409.3,85.4,0.599,0.564,0.0,False,
12,2025-08-29,31.9,278.9,89.2,0.388,0.527,0.02,False,
12,2025-08-28,27.6,252.0,76.1,0.392,0.663,0.0,False,
12,2025-08-27,25.7,429.9,75.5,0.61,0.634,0.097,False,
12,2025-08-26,26.6,415.6,86.9,0.679,0.69,0.088,False,
12,2025-08-25,24.7,183.6,79.0,0.241,0.569,0.092,False,
12,2025-08-24,28.3,413.3,83.8,0.755,0.682,0.0,False,
12,2025-08-23,25.5,476.3,84.1,0.77,0.529,0.077,False,
12,2025-08-22,30.1,454.5,81.4,0.743,0.675,0.038,False,
13,2025-09-21,29.3,314.5,75.6,0.552,0.0,0.0,False,
13,2025-09-20,30.5,177.4,84.0,0.205,0.041,0.0,False,
13,2025-09-19,31.3,209.5,77.4,0.244,0.163,0.092,False,
13,2025-09-18,25.0,274.4,76.3,0.432,0.0,0.0,False,
13,2025-09-17,31.6,106.2,72.5,0.167,0.0,0.0,False,
13,2025-09-16,31.9,239.5,69.4,0.425,0.083,0.058,False,
13,2025-09-15,30.1,332.5,71.1,0.502,0.14,0.099,False,
13,2025-09-14,29.3,123.5,70.4,0.16,0.127,0.0,False,
13,2025-09-13,30.7,344.8,79.0,0.566,0.117,0.061,False,
13,2025-09-12,28.9,161.1,69.4,0.208,0.066,0.0,False,
13,2025-09-11,27.6,324.6,71.0,0.602,0.154,0.044,False,
13,2025-09-10,29.8,131.2,66.5,0.282,0.15,0.044,False,
13,2025-09-09,26.0,341.1,72.6,0.552,0.161,0.076,False,
13,2025-09-08,32.7,224.7,69.6,0.33,0.118,0.0,False,
13,2025-09-07,34.5,242.0,67.1,0.371,0.118,0.085,False,
13,2025-09-06,28.4,224.1,67.5,0.284,0.169,0.002,False,
13,2025-09-05,26.5,188.5,65.7,0.369,0.164,0.0,False,
13,2025-09-04,30.6,186.8,73.6,0.327,0.08,0.0,False,
13,2025-09-03,26.6,312.8,76.9,0.475,0.04,0.0,False,
13,2025-09-02,31.3,127.9,74.6,0.277,0.022,0.0,False,
13,2025-09-01,34.8,257.1,75.9,0.475,0.078,0.0,False,
13,2025-08-31,25.2,250.3,74.3,0.336,0.159,0.046,False,
13,2025-08-30,31.4,260.2,83.1,0.364,0.159,0.0,False,
13,2025-08-29,31.5,205.2,65.1,0.412,0.066,0.065,False,
13,2025-08-28,34.4,264.0,71.3,0.487,0.141,0.059,False,
13,2025-08-27,31.5,266.7,84.1,0.436,0.042,0.038,False,
13,2025-08-26,33.9,299.9,72.1,0.484,0.005,0.0,False,
13,2025-08-25,34.6,280.8,69.2,0.39,0.173,0.061,False,
13,2025-08-24,34.0,201.7,83.4,0.382,0.082,0.0,False,
13,2025-08-23,31.9,143.8,68.5,0.156,0.066,0.062,False,
13,2025-08-22,34.0,188.5,73.5,0.237,0.037,0.078,False,
14,2025-09-21,28.5,258.3,88.7,0.37,0.569,0.025,False,
14,2025-09-20,26.2,293.1,88.9,0.463,0.535,0.06,False,
14,2025-09-19,34.3,355.6,89.4,0.634,0.552,0.001,False,
14,2025-09-18,29.8,310.4,83.7,0.4,0.616,0.0,False,
14,2025-09-17,34.8,159.4,83.9,0.248,0.613,0.0,False,
14,2025-09-16,32.5,157.6,79.7,0.256,0.665,0.0,False,
14,2025-09-15,32.6,244.0,80.6,0.422,0.68,0.027,False,
14,2025-09-14,32.6,363.5,78.1,0.516,0.65,0.018,False,
14,2025-09-13,28.2,144.1,84.5,0.162,0.591,0.081,False,
14,2025-09-12,25.2,356.2,73.2,0.528,0.689,0.045,False,
14,2025-09-11,31.7,285.0,73.8,0.374,0.541,0.0,False,
14,2025-09-10,30.1,384.0,83.7,0.565,0.624,0.0,False,
14,2025-09-09,32.7,247.3,82.8,0.395,0.583,0.0,False,
14,2025-09-08,32.6,281.7,77.5,0.454,0.603,0.041,False,
14,2025-09-07,32.0,245.9,78.0,0.339,0.641,0.057,False,
14,2025-09-06,29.6,102.8,76.7,0.163,0.618,0.0,False,
14,2025-09-05,34.6,107.1,77.8,0.19,0.566,0.052,False,
14,2025-09-04,34.4,134.0,85.8,0.159,0.645,0.0,False,
14,2025-09-03,31.0,244.3,79.1,0.361,0.526,0.039,False,
14,2025-09-02,32.8,163.6,75.1,0.252,0.694,0.0,False,
14,2025-09-01,34.2,281.5,81.7,0.475,0.631,0.008,False,
14,2025-08-31,31.2,169.0,76.3,0.274,0.629,0.053,False,
14,2025-08-30,33.8,101.7,74.5,0.126,0.613,0.0,False,
14,2025-08-29,35.0,145.1,89.6,0.178,0.586,0.0,False,
14,2025-08-28,31.5,100.9,83.6,0.25,0.523,0.0,False,
14,2025-08-27,28.3,164.3,71.6,0.35,0.643,0.0,False,
14,2025-08-26,26.2,168.8,72.5,0.358,0.677,0.0,False,
14,2025-08-25,34.5,148.3,88.5,0.304,0.502,0.0,False,
14,2025-08-24,34.8,312.0,76.4,0.558,0.551,0.073,False,
14,2025-08-23,33.7,208.6,71.0,0.237,0.514,0.0,False,
14,2025-08-22,26.3,321.1,78.0,0.599,0.515,0.0,False,
15,2025-09-21,26.6,441.8,87.5,0.735,0.0,0.0,False,
15,2025-09-20,24.1,350.7,81.2,0.493,0.067,0.0,False,
15,2025-09-19,26.6,418.9,88.7,0.767,0.153,0.0,False,
15,2025-09-18,23.7,476.6,80.8,0.699,0.004,0.0,False,
15,2025-09-17,25.1,290.8,91.4,0.449,0.092,0.0,False,
15,2025-09-16,29.1,383.4,81.0,0.528,0.035,0.0,False,
15,2025-09-15,22.8,480.6,91.5,0.783,0.031,0.0,False,
15,2025-09-14,25.3,308.7,81.0,0.433,0.084,0.0,False,
15,2025-09-13,23.6,249.3,80.8,0.307,0.134,0.055,False,
15,2025-09-12,27.2,274.1,83.1,0.519,0.025,0.028,False,
15,2025-09-11,27.2,401.6,81.3,0.713,0.124,0.056,False,
15,2025-09-10,26.7,392.2,95.0,0.688,0.0,0.056,False,
15,2025-09-09,23.0,417.1,86.7,0.67,0.062,0.0,False,
15,2025-09-08,26.8,360.1,82.9,0.494,0.141,0.0,False,
15,2025-09-07,25.1,352.2,91.5,0.484,0.0,0.0,False,
15,2025-09-06,24.0,464.9,86.1,0.715,0.009,0.0,False,
15,2025-09-05,26.2,228.4,91.3,0.371,0.135,0.063,False,
15,2025-09-04,23.2,258.0,82.5,0.502,0.0,0.063,False,
15,2025-09-03,23.8,218.2,84.3,0.268,0.107,0.0,False,
15,2025-09-02,23.2,225.8,85.1,0.296,0.039,0.0,False,
15,2025-09-01,22.4,411.7,92.6,0.703,0.045,0.022,False,
15,2025-08-31,26.9,314.4,94.0,0.494,0.149,0.0,False,
15,2025-08-30,27.1,321.8,92.6,0.517,0.0,0.014,False,
15,2025-08-29,29.0,239.6,82.4,0.287,0.012,0.034,False,
15,2025-08-28,24.6,412.2,87.8,0.577,0.0,0.072,False,
15,2025-08-27,24.3,476.1,87.1,0.703,0.04,0.016,False,
15,2025-08-26,28.7,301.0,83.3,0.542,0.017,0.0,False,
15,2025-08-25,23.9,402.2,88.3,0.666,0.098,0.001,False,
15,2025-08-24,23.7,249.8,92.3,0.329,0.073,0.0,False,
15,2025-08-23,25.1,322.2,90.8,0.563,0.001,0.004,False,
15,2025-08-22,26.0,386.9,93.0,0.665,0.112,0.059,False,
16,2025-09-21,22.1,345.1,84.6,0.538,0.133,0.0,False,
16,2025-09-20,29.9,302.7,82.3,0.479,0.0,0.068,False,
16,2025-09-19,22.1,397.7,87.3,0.661,0.035,0.054,False,
16,2025-09-18,27.2,470.5,89.8,0.795,0.116,0.029,False,
16,2025-09-17,25.9,417.6,94.9,0.712,0.102,0.005,False,
16,2025-09-16,24.9,251.2,91.0,0.39,0.057,0.055,False,
16,2025-09-15,29.3,332.6,84.8,0.453,0.136,0.01,False,
16,2025-09-14,27.1,312.7,85.3,0.447,0.094,0.047,False,
16,2025-09-13,23.0,238.4,85.2,0.395,0.044,0.018,False,
16,2025-09-12,25.9,409.7,84.9,0.634,0.083,0.049,False,
16,2025-09-11,29.7,457.4,93.1,0.738,0.027,0.0,False,
16,2025-09-10,29.5,224.8,92.7,0.372,0.083,0.0,False,
16,2025-09-09,29.2,261.0,86.7,0.45,0.109,0.0,False,
16,2025-09-08,23.2,248.4,91.9,0.448,0.0,0.0,False,
16,2025-09-07,22.5,429.5,91.8,0.755,0.0,0.0,False,
16,2025-09-06,27.7,371.5,94.4,0.663,0.0,0.002,False,
16,2025-09-05,23.5,297.9,83.6,0.5,0.125,0.0,False,
16,2025-09-04,24.3,293.0,82.4,0.413,0.091,0.095,False,
16,2025-09-03,26.1,219.2,84.7,0.36,0.158,0.01,False,
16,2025-09-02,29.8,460.0,90.4,0.641,0.044,0.059,False,
16,2025-09-01,29.7,334.7,87.1,0.59,0.14,0.011,False,
16,2025-08-31,29.2,401.2,85.1,0.613,0.021,0.043,False,
16,2025-08-30,29.8,454.1,81.9,0.78,0.0,0.0,False,
16,2025-08-29,29.0,455.3,87.0,0.791,0.011,0.0,False,
16,2025-08-28,29.8,455.1,83.2,0.649,0.014,0.0,False,
16,2025-08-27,23.1,203.3,91.5,0.304,0.035,0.013,False,
16,2025-08-26,24.7,362.9,87.8,0.605,0.018,0.08,False,
16,2025-08-25,25.6,204.3,89.3,0.245,0.037,0.086,False,
16,2025-08-24,22.6,363.4,82.9,0.623,0.137,0.089,False,
16,2025-08-23,25.1,267.5,87.0,0.361,0.068,0.058,False,
16,2025-08-22,27.1,258.3,93.5,0.336,0.006,0.021,False,
17,2025-09-21,25.3,223.6,94.9,0.379,0.0,0.01,False,
17,2025-09-20,24.1,236.1,86.2,0.33,0.108,0.058,False,
17,2025-09-19,22.4,360.8,81.4,0.668,0.022,0.013,False,
17,2025-09-18,24.3,449.1,81.2,0.661,0.055,0.004,False,
17,2025-09-17,29.2,280.7,83.5,0.387,0.059,0.099,False,
17,2025-09-16,23.5,359.5,90.6,0.629,0.045,0.093,False,
17,2025-09-15,24.9,477.6,88.8,0.672,0.166,0.07,False,
17,2025-09-14,24.0,272.2,86.4,0.495,0.017,0.0,False,
17,2025-09-13,23.7,209.2,88.2,0.431,0.145,0.07,False,
17,2025-09-12,27.9,378.6,85.6,0.636,0.154,0.075,False,
17,2025-09-11,23.4,201.8,92.4,0.284,0.021,0.006,False,
17,2025-09-10,28.4,382.1,88.3,0.672,0.165,0.0,False,
17,2025-09-09,22.1,461.3,92.8,0.804,0.07,0.097,False,
17,2025-09-08,29.6,443.8,80.6,0.698,0.043,0.068,False,
17,2025-09-07,25.5,371.0,86.9,0.536,0.031,0.0,False,
17,2025-09-06,23.3,402.9,85.0,0.659,0.036,0.0,False,
17,2025-09-05,27.2,392.7,87.8,0.697,0.153,0.021,False,
17,2025-09-04,24.2,257.3,87.1,0.466,0.029,0.003,False,
17,2025-09-03,22.8,252.1,92.3,0.435,0.152,0.0,False,
17,2025-09-02,26.5,331.6,88.0,0.537,0.032,0.06,False,
17,2025-09-01,24.6,206.8,93.7,0.303,0.0,0.0,False,
17,2025-08-31,28.2,362.4,91.9,0.622,0.057,0.024,False,
17,2025-08-30,29.4,385.1,80.3,0.517,0.049,0.0,False,
17,2025-08-29,29.3,401.3,94.7,0.704,0.139,0.003,False,
17,2025-08-28,22.5,203.4,85.8,0.338,0.051,0.059,False,
17,2025-08-27,25.5,481.9,91.9,0.805,0.132,0.047,False,
17,2025-08-26,26.7,482.0,82.1,0.757,0.008,0.0,False,
17,2025-08-25,24.5,398.3,83.3,0.56,0.02,0.018,False,
17,2025-08-24,28.6,279.2,80.5,0.423,0.082,0.0,False,
17,2025-08-23,27.8,484.7,94.5,0.733,0.11,0.062,False,
17,2025-08-22,26.5,282.4,91.6,0.402,0.116,0.064,False,
18,2025-09-21,23.7,451.1,94.8,0.638,0.032,0.0,False,
18,2025-09-20,23.1,355.0,93.3,0.66,0.136,0.051,False,
18,2025-09-19,25.0,359.7,80.6,0.608,0.062,0.005,False,
18,2025-09-18,22.4,221.5,88.3,0.345,0.0,0.0,False,
18,2025-09-17,22.2,272.4,93.6,0.473,0.154,0.052,False,
18,2025-09-16,25.7,239.3,89.8,0.39,0.105,0.0,False,
18,2025-09-15,27.7,239.6,94.6,0.324,0.0,0.08,False,
18,2025-09-14,25.9,447.4,93.1,0.686,0.028,0.005,False,
18,2025-09-13,27.4,390.8,92.5,0.546,0.021,0.0,False,
18,2025-09-12,27.8,405.5,82.5,0.602,0.112,0.016,False,
18,2025-09-11,25.8,218.6,89.1,0.383,0.124,0.09,False,
18,2025-09-10,22.3,416.3,87.6,0.664,0.043,0.058,False,
18,2025-09-09,28.1,352.2,93.0,0.508,0.049,0.0,False,
18,2025-09-08,25.8,464.3,82.4,0.67,0.0,0.0,False,
18,2025-09-07,22.9,347.7,80.7,0.645,0.074,0.065,False,
18,2025-09-06,24.0,335.0,85.8,0.579,0.074,0.085,False,
18,2025-09-05,23.1,225.9,88.8,0.303,0.145,0.0,False,
18,2025-09-04,28.3,248.1,85.7,0.349,0.036,0.048,False,
18,2025-09-03,25.5,408.2,93.5,0.593,0.061,0.0,False,
18,2025-09-02,22.9,242.3,89.1,0.436,0.158,0.0,False,
18,2025-09-01,26.7,308.8,84.1,0.46,0.115,0.0,False,
18,2025-08-31,28.5,234.2,91.9,0.404,0.169,0.014,False,
18,2025-08-30,24.1,242.3,91.7,0.368,0.139,0.087,False,
18,2025-08-29,29.0,324.1,91.8,0.543,0.013,0.0,False,
18,2025-08-28,26.3,208.5,80.7,0.393,0.158,0.0,False,
18,2025-08-27,22.3,212.4,86.7,0.378,0.144,0.01,False,
18,2025-08-26,23.9,261.3,80.3,0.437,0.028,0.0,False,
18,2025-08-25,23.2,282.9,89.8,0.442,0.137,0.0,False,
18,2025-08-24,25.7,204.2,80.1,0.279,0.034,0.0,False,
18,2025-08-23,22.6,399.2,82.0,0.587,0.061,0.094,False,
18,2025-08-22,28.5,278.6,94.5,0.347,0.086,0.024,False,
19,2025-09-21,29.8,456.0,78.8,0.652,0.582,0.0,False,
19,2025-09-20,26.2,446.1,93.1,0.67,0.685,0.01,False,
19,2025-09-19,30.6,267.4,83.1,0.389,0.587,0.0,False,
19,2025-09-18,27.2,376.2,77.9,0.597,0.652,0.05,False,
19,2025-09-17,31.3,477.8,90.1,0.778,0.591,0.0,False,
19,2025-09-16,28.2,410.6,92.8,0.737,0.526,0.076,False,
19,2025-09-15,30.3,429.1,85.1,0.6,0.623,0.0,False,
19,2025-09-14,27.8,320.1,78.3,0.521,0.554,0.0,False,
19,2025-09-13,27.2,225.9,88.2,0.436,0.571,0.0,False,
19,2025-09-12,31.9,273.7,76.9,0.385,0.566,0.0,False,
19,2025-09-11,32.7,496.4,94.0,0.875,0.503,0.0,False,
19,2025-09-10,29.1,426.3,92.1,0.59,0.624,0.008,False,
19,2025-09-09,29.6,312.0,78.1,0.43,0.616,0.008,False,
19,2025-09-08,29.6,207.3,88.8,0.303,0.586,0.0,False,
19,2025-09-07,29.4,211.2,79.1,0.329,0.623,0.0,False,
19,2025-09-06,31.1,228.1,93.5,0.426,0.556,0.0,False,
19,2025-09-05,32.5,256.6,89.9,0.469,0.679,0.015,False,
19,2025-09-04,29.6,246.1,89.9,0.464,0.581,0.057,False,
19,2025-09-03,29.9,378.0,92.4,0.698,0.629,0.0,False,
19,2025-09-02,26.4,451.4,83.0,0.729,0.566,0.0,False,
19,2025-09-01,31.3,323.9,91.0,0.421,0.675,0.075,False,
19,2025-08-31,32.6,241.1,76.6,0.387,0.669,0.061,False,
19,2025-08-30,25.9,497.3,94.7,0.724,0.564,0.0,False,
19,2025-08-29,29.1,347.1,76.2,0.596,0.699,0.0,False,
19,2025-08-28,28.6,211.8,87.1,0.341,0.542,0.021,False,
19,2025-08-27,27.1,238.5,77.5,0.362,0.612,0.039,False,
19,2025-08-26,32.0,306.5,88.1,0.572,0.551,0.0,False,
19,2025-08-25,27.6,497.5,81.2,0.7,0.516,0.0,False,
19,2025-08-24,28.6,343.4,76.6,0.483,0.676,0.0,False,
19,2025-08-23,31.1,453.0,80.6,0.729,0.646,0.0,False,
19,2025-08-22,29.1,224.2,85.5,0.426,0.665,0.0,False,
20,2025-09-21,29.8,102.8,89.3,0.232,0.065,0.0,False,
20,2025-09-20,28.3,472.1,78.8,0.671,0.042,0.0,False,
20,2025-09-19,26.5,262.3,71.4,0.342,0.127,0.0,False,
20,2025-09-18,31.6,175.5,88.5,0.366,0.13,0.043,False,
20,2025-09-17,32.0,434.7,77.7,0.713,0.022,0.063,False,
20,2025-09-16,33.4,222.1,89.2,0.341,0.061,0.096,False,
20,2025-09-15,25.7,162.2,84.6,0.216,0.029,0.069,False,
20,2025-09-14,34.2,204.5,77.7,0.316,0.145,0.052,False,
20,2025-09-13,29.6,120.1,83.0,0.171,0.074,0.039,False,
20,2025-09-12,31.4,183.5,73.0,0.231,0.013,0.0,False,
20,2025-09-11,29.2,432.2,83.4,0.689,0.068,0.0,False,
20,2025-09-10,30.7,494.1,72.9,0.74,0.152,0.0,False,
20,2025-09-09,26.9,272.2,81.8,0.389,0.173,0.049,False,
20,2025-09-08,31.5,325.8,75.2,0.458,0.0,0.049,False,
20,2025-09-07,28.6,457.6,76.7,0.764,0.1,0.0,False,
20,2025-09-06,28.1,375.1,80.1,0.638,0.16,0.057,False,
20,2025-09-05,35.0,393.2,86.8,0.697,0.172,0.0,False,
20,2025-09-04,29.9,276.8,78.3,0.454,0.0,0.036,False,
20,2025-09-03,28.9,441.8,90.0,0.76,0.097,0.0,False,
20,2025-09-02,31.8,203.5,89.8,0.292,0.029,0.0,False,
20,2025-09-01,29.2,191.6,80.1,0.213,0.055,0.059,False,
20,2025-08-31,27.2,324.8,77.2,0.435,0.119,0.0,False,
20,2025-08-30,34.9,397.4,76.0,0.68,0.044,0.0,False,
20,2025-08-29,28.7,457.0,81.9,0.723,0.131,0.0,False,
20,2025-08-28,33.1,389.4,77.2,0.572,0.089,0.04,False,
20,2025-08-27,33.8,248.2,90.0,0.324,0.033,0.006,False,
20,2025-08-26,32.3,100.4,82.1,0.184,0.126,0.0,False,
20,2025-08-25,27.4,429.3,70.9,0.698,0.156,0.0,False,
20,2025-08-24,31.2,453.3,76.4,0.673,0.097,0.0,False,
20,2025-08-23,26.7,135.4,77.3,0.199,0.006,0.0,False,
20,2025-08-22,33.9,469.8,79.2,0.777,0.095,0.0,False,
21,2025-09-21,29.5,120.9,85.9,0.198,0.029,0.07,False,
21,2025-09-20,25.0,358.5,80.0,0.605,0.147,0.062,False,
21,2025-09-19,31.4,129.5,75.1,0.173,0.136,0.0,False,
21,2025-09-18,34.4,376.5,78.5,0.702,0.036,0.0,False,
21,2025-09-17,31.6,225.6,85.5,0.445,0.171,0.064,False,
21,2025-09-16,25.9,370.3,82.1,0.496,0.018,0.0,False,
21,2025-09-15,25.9,366.9,70.8,0.552,0.0,0.08,False,
21,2025-09-14,27.2,369.7,89.9,0.521,0.127,0.0,False,
21,2025-09-13,33.9,315.6,79.8,0.472,0.01,0.006,False,
21,2025-09-12,26.9,206.1,77.7,0.313,0.12,0.019,False,
21,2025-09-11,29.5,178.8,71.1,0.279,0.005,0.016,False,
21,2025-09-10,29.9,333.6,74.8,0.556,0.111,0.048,False,
21,2025-09-09,29.3,364.3,71.9,0.585,0.171,0.0,False,
21,2025-09-08,26.5,207.0,70.3,0.379,0.171,0.0,False,
21,2025-09-07,34.9,265.2,73.5,0.451,0.079,0.0,False,
21,2025-09-06,33.7,121.5,74.5,0.183,0.145,0.0,False,
21,2025-09-05,25.2,371.6,81.7,0.667,0.0,0.0,False,
21,2025-09-04,29.0,139.9,81.3,0.319,0.168,0.09,False,
21,2025-09-03,31.4,120.0,81.4,0.209,0.121,0.034,False,
21,2025-09-02,28.8,170.6,87.8,0.332,0.05,0.0,False,
21,2025-09-01,33.2,161.6,73.8,0.288,0.051,0.017,False,
21,2025-08-31,25.5,121.3,81.1,0.249,0.17,0.045,False,
21,2025-08-30,29.4,273.8,85.9,0.512,0.047,0.006,False,
21,2025-08-29,25.9,126.6,81.2,0.212,0.017,0.0,False,
21,2025-08-28,26.9,370.4,83.3,0.566,0.034,0.064,False,
21,2025-08-27,34.4,329.4,81.2,0.619,0.04,0.04,False,
21,2025-08-26,31.2,371.7,72.6,0.591,0.169,0.043,False,
21,2025-08-25,34.5,332.3,82.1,0.45,0.003,0.0,False,
21,2025-08-24,29.1,356.6,87.1,0.58,0.142,0.088,False,
21,2025-08-23,32.9,365.7,76.7,0.584,0.0,0.0,False,
21,2025-08-22,30.5,187.7,87.2,0.266,0.157,0.001,False,
22,2025-09-21,25.8,434.8,82.3,0.695,0.12,0.078,False,
22,2025-09-20,29.6,418.4,80.7,0.57,0.17,0.0,False,
22,2025-09-19,23.4,250.3,93.8,0.411,0.119,0.011,False,
22,2025-09-18,28.6,365.6,86.6,0.58,0.108,0.038,False,
22,2025-09-17,25.6,490.1,86.0,0.879,0.126,0.044,False,
22,2025-09-16,26.6,472.2,91.3,0.714,0.0,0.0,False,
22,2025-09-15,22.1,255.0,94.9,0.473,0.102,0.0,False,
22,2025-09-14,27.2,489.7,94.7,0.868,0.121,0.0,False,
22,2025-09-13,24.1,292.6,81.4,0.429,0.117,0.007,False,
22,2025-09-12,23.0,461.3,89.4,0.776,0.149,0.0,False,
22,2025-09-11,27.8,276.5,90.4,0.512,0.006,0.0,False,
22,2025-09-10,29.4,442.9,92.0,0.678,0.108,0.028,False,
22,2025-09-09,24.6,358.6,92.1,0.474,0.0,0.0,False,
22,2025-09-08,26.4,217.2,85.1,0.4,0.046,0.003,False,
22,2025-09-07,29.6,216.9,89.6,0.249,0.048,0.0,False,
22,2025-09-06,29.4,417.9,80.8,0.605,0.124,0.0,False,
22,2025-09-05,22.1,427.1,94.6,0.701,0.17,0.019,False,
22,2025-09-04,23.5,429.9,85.3,0.68,0.153,0.061,False,
22,2025-09-03,25.9,400.5,85.7,0.651,0.082,0.001,False,
22,2025-09-02,28.2,327.1,92.7,0.451,0.142,0.0,False,
22,2025-09-01,26.9,367.6,83.4,0.598,0.068,0.0,False,
22,2025-08-31,30.0,436.3,82.7,0.606,0.167,0.03,False,
22,2025-08-30,24.6,482.2,82.0,0.815,0.145,0.0,False,
22,2025-08-29,28.3,447.5,83.4,0.622,0.031,0.0,False,
22,2025-08-28,28.5,397.4,83.8,0.624,0.144,0.0,False,
22,2025-08-27,26.7,208.0,80.2,0.3,0.049,0.0,False,
22,2025-08-26,27.7,473.2,89.8,0.827,0.087,0.0,False,
22,2025-08-25,23.8,278.1,80.2,0.474,0.109,0.0,False,
22,2025-08-24,23.9,467.4,82.9,0.656,0.163,0.016,False,
22,2025-08-23,28.7,452.2,94.0,0.783,0.15,0.0,False,
22,2025-08-22,27.7,390.2,88.7,0.684,0.024,0.0,False,
23,2025-09-21,29.9,362.5,86.2,0.658,0.543,0.0,False,
23,2025-09-20,28.7,417.0,82.0,0.613,0.547,0.0,False,
23,2025-09-19,25.8,170.7,77.0,0.27,0.649,0.029,False,
23,2025-09-18,25.2,370.7,89.3,0.586,0.646,0.0,False,
23,2025-09-17,24.9,402.1,86.0,0.626,0.532,0.0,False,
23,2025-09-16,29.0,488.1,78.0,0.699,0.583,0.0,False,
23,2025-09-15,22.2,430.6,87.6,0.712,0.536,0.017,False,
23,2025-09-14,31.2,201.8,78.7,0.313,0.578,0.051,False,
23,2025-09-13,22.7,287.6,78.7,0.559,0.506,0.0,False,
23,2025-09-12,27.7,233.4,78.5,0.45,0.687,0.052,False,
23,2025-09-11,25.4,304.0,84.1,0.49,0.514,0.049,False,
23,2025-09-10,26.5,422.2,82.1,0.762,0.548,0.051,False,
23,2025-09-09,31.5,176.8,87.8,0.188,0.597,0.019,False,
23,2025-09-08,23.9,403.2,76.4,0.66,0.588,0.0,False,
23,2025-09-07,26.2,486.9,78.5,0.825,0.531,0.0,False,
23,2025-09-06,30.8,420.7,75.2,0.714,0.579,0.0,False,
23,2025-09-05,27.6,436.8,76.4,0.647,0.605,0.0,False,
23,2025-09-04,24.3,360.3,75.8,0.522,0.692,0.058,False,
23,2025-09-03,25.5,224.7,75.3,0.293,0.578,0.0,False,
23,2025-09-02,26.7,281.2,83.9,0.428,0.656,0.0,False,
23,2025-09-01,29.5,190.9,78.6,0.315,0.564,0.024,False,
23,2025-08-31,30.0,262.2,89.1,0.352,0.686,0.087,False,
23,2025-08-30,24.4,436.1,80.1,0.679,0.667,0.073,False,
23,2025-08-29,24.8,420.5,81.5,0.724,0.513,0.008,False,
23,2025-08-28,26.6,287.1,89.2,0.396,0.543,0.0,False,
23,2025-08-27,27.8,194.9,84.6,0.336,0.667,0.051,False,
23,2025-08-26,22.4,254.0,75.2,0.397,0.673,0.0,False,
23,2025-08-25,30.2,193.0,83.6,0.324,0.615,0.0,False,
23,2025-08-24,30.9,412.8,81.3,0.618,0.526,0.049,False,
23,2025-08-23,27.2,338.0,84.8,0.608,0.54,0.0,False,
23,2025-08-22,25.0,372.5,76.5,0.617,0.606,0.0,False,
24,2025-09-21,26.5,450.4,75.2,0.814,0.127,0.0,False,
24,2025-09-20,27.0,209.1,82.8,0.263,0.043,0.0,False,
24,2025-09-19,23.4,203.9,86.5,0.304,0.114,0.008,False,
24,2025-09-18,27.7,244.8,79.7,0.454,0.0,0.0,False,
24,2025-09-17,31.9,301.6,81.1,0.481,0.172,0.046,False,
24,2025-09-16,27.7,218.7,87.6,0.356,0.0,0.07,False,
24,2025-09-15,22.5,313.3,83.7,0.407,0.035,0.099,False,
24,2025-09-14,28.6,355.6,81.6,0.594,0.154,0.0,False,
24,2025-09-13,29.2,398.3,81.8,0.641,0.072,0.0,False,
24,2025-09-12,24.7,475.0,77.6,0.851,0.162,0.054,False,
24,2025-09-11,27.5,171.7,75.1,0.268,0.171,0.0,False,
24,2025-09-10,27.3,491.8,81.3,0.884,0.03,0.0,False,
24,2025-09-09,28.8,234.2,83.4,0.353,0.169,0.036,False,
24,2025-09-08,28.2,415.8,77.4,0.761,0.16,0.0,False,
24,2025-09-07,28.3,314.9,82.6,0.484,0.0,0.0,False,
24,2025-09-06,28.5,492.7,75.4,0.767,0.024,0.0,False,
24,2025-09-05,23.7,269.3,76.7,0.458,0.084,0.0,False,
24,2025-09-04,22.9,207.5,81.0,0.345,0.061,0.08,False,
24,2025-09-03,23.0,486.9,80.2,0.742,0.042,0.0,False,
24,2025-09-02,25.2,467.1,84.4,0.703,0.104,0.036,False,
24,2025-09-01,22.8,384.1,87.5,0.656,0.0,0.096,False,
24,2025-08-31,22.5,281.9,89.2,0.417,0.0,0.077,False,
24,2025-08-30,27.2,263.1,79.8,0.489,0.043,0.042,False,
24,2025-08-29,31.5,289.7,82.4,0.463,0.018,0.016,False,
24,2025-08-28,26.2,255.0,81.9,0.505,0.102,0.0,False,
24,2025-08-27,24.5,397.6,89.9,0.609,0.041,0.0,False,
24,2025-08-26,30.1,387.8,75.3,0.589,0.005,0.0,False,
24,2025-08-25,23.6,453.0,83.0,0.676,0.157,0.0,False,
24,2025-08-24,27.9,465.9,77.9,0.674,0.129,0.009,False,
24,2025-08-23,22.4,365.5,81.1,0.5,0.027,0.01,False,
24,2025-08-22,23.5,265.1,80.7,0.358,0.063,0.0,False,
25,2025-09-21,28.6,215.6,90.8,0.26,0.164,0.0,False,
25,2025-09-20,28.2,263.7,92.1,0.361,0.073,0.069,False,
25,2025-09-19,25.6,338.3,91.4,0.484,0.0,0.052,False,
25,2025-09-18,22.3,261.3,83.3,0.393,0.005,0.074,False,
25,2025-09-17,23.5,406.2,89.0,0.663,0.137,0.0,False,
25,2025-09-16,28.1,410.3,91.7,0.668,0.007,0.058,False,
25,2025-09-15,27.7,401.3,82.9,0.585,0.153,0.0,False,
25,2025-09-14,26.4,485.6,94.2,0.724,0.068,0.045,False,
25,2025-09-13,25.9,337.3,80.9,0.492,0.095,0.0,False,
25,2025-09-12,24.7,420.1,91.5,0.662,0.102,0.015,False,
25,2025-09-11,29.7,233.5,92.8,0.425,0.106,0.0,False,
25,2025-09-10,25.7,464.2,88.3,0.656,0.157,0.0,False,
25,2025-09-09,25.0,403.8,89.3,0.606,0.135,0.0,False,
25,2025-09-08,28.9,398.1,88.6,0.553,0.098,0.041,False,
25,2025-09-07,29.3,258.4,85.8,0.504,0.097,0.092,False,
25,2025-09-06,22.1,218.7,84.7,0.316,0.111,0.0,False,
25,2025-09-05,26.2,239.4,83.5,0.434,0.036,0.0,False,
25,2025-09-04,27.3,387.5,94.0,0.684,0.002,0.013,False,
25,2025-09-03,29.9,407.0,86.9,0.638,0.104,0.009,False,
25,2025-09-02,25.5,396.7,91.9,0.673,0.065,0.07,False,
25,2025-09-01,25.3,216.8,92.6,0.281,0.057,0.0,False,
25,2025-08-31,25.0,384.1,85.2,0.65,0.063,0.0,False,
25,2025-08-30,26.4,365.6,89.1,0.546,0.167,0.033,False,
25,2025-08-29,29.7,378.7,92.2,0.602,0.135,0.0,False,
25,2025-08-28,24.7,257.4,93.0,0.483,0.016,0.0,False,
25,2025-08-27,23.7,422.4,92.0,0.757,0.116,0.0,False,
25,2025-08-26,25.1,492.4,90.4,0.86,0.136,0.0,False,
25,2025-08-25,24.2,497.8,88.7,0.81,0.027,0.0,False,
25,2025-08-24,25.6,328.1,85.2,0.475,0.16,0.0,False,
25,2025-08-23,28.7,283.6,89.1,0.536,0.083,0.076,False,
25,2025-08-22,22.1,375.6,85.0,0.534,0.09,0.025,False,
26,2025-09-21,26.5,228.4,75.9,0.428,0.077,0.0,False,
26,2025-09-20,26.3,275.7,74.8,0.382,0.0,0.0,False,
26,2025-09-19,30.1,218.3,74.4,0.258,0.148,0.0,False,
26,2025-09-18,32.1,121.7,73.4,0.237,0.092,0.012,False,
26,2025-09-17,27.1,227.1,77.7,0.452,0.076,0.0,False,
26,2025-09-16,26.4,230.0,79.4,0.392,0.013,0.0,False,
26,2025-09-15,31.4,214.9,74.9,0.389,0.023,0.0,False,
26,2025-09-14,28.4,141.3,72.1,0.198,0.079,0.0,False,
26,2025-09-13,32.9,299.9,72.2,0.571,0.099,0.0,False,
26,2025-09-12,33.4,323.7,68.4,0.487,0.093,0.0,False,
26,2025-09-11,34.0,179.8,69.8,0.34,0.024,0.032,False,
26,2025-09-10,28.5,281.6,83.1,0.365,0.162,0.0,False,
26,2025-09-09,34.2,280.6,79.5,0.361,0.04,0.002,False,
26,2025-09-08,32.8,224.1,83.8,0.431,0.0,0.0,False,
26,2025-09-07,25.6,341.5,77.7,0.635,0.023,0.0,False,
26,2025-09-06,30.8,122.1,74.5,0.158,0.042,0.027,False,
26,2025-09-05,25.2,240.4,82.7,0.399,0.071,0.0,False,
26,2025-09-04,30.7,170.2,68.8,0.264,0.0,0.008,False,
26,2025-09-03,30.3,183.4,70.4,0.38,0.072,0.039,False,
26,2025-09-02,34.4,238.3,74.3,0.426,0.111,0.019,False,
26,2025-09-01,26.9,163.5,80.7,0.202,0.059,0.023,False,
26,2025-08-31,28.3,140.4,76.5,0.179,0.021,0.043,False,
26,2025-08-30,31.4,172.7,69.8,0.368,0.057,0.067,False,
26,2025-08-29,27.5,341.3,75.9,0.548,0.153,0.0,False,
26,2025-08-28,30.9,306.7,75.7,0.516,0.072,0.0,False,
26,2025-08-27,30.6,172.7,69.4,0.291,0.162,0.044,False,
26,2025-08-26,34.2,292.1,65.0,0.526,0.021,0.0,False,
26,2025-08-25,34.2,292.6,73.9,0.479,0.093,0.0,False,
26,2025-08-24,29.0,214.7,73.4,0.286,0.013,0.007,False,
26,2025-08-23,29.0,311.3,77.5,0.467,0.0,0.014,False,
26,2025-08-22,27.2,164.0,77.2,0.277,0.13,0.0,False,
27,2025-09-21,25.3,326.2,83.6,0.518,0.025,0.0,False,
27,2025-09-20,31.0,230.3,77.4,0.315,0.0,0.064,False,
27,2025-09-19,25.9,384.3,79.8,0.557,0.072,0.0,False,
27,2025-09-18,29.3,225.8,81.2,0.406,0.082,0.0,False,
27,2025-09-17,34.1,383.9,76.4,0.582,0.175,0.0,False,
27,2025-09-16,32.0,127.3,71.9,0.106,0.015,0.0,False,
27,2025-09-15,33.9,255.2,72.9,0.445,0.121,0.0,False,
27,2025-09-14,33.7,144.2,77.7,0.28,0.034,0.034,False,
27,2025-09-13,27.5,374.6,82.0,0.668,0.0,0.002,False,
27,2025-09-12,33.7,432.0,80.8,0.645,0.142,0.072,False,
27,2025-09-11,26.7,191.2,72.3,0.274,0.135,0.0,False,
27,2025-09-10,25.2,296.6,77.2,0.463,0.028,0.06,False,
27,2025-09-09,33.9,163.2,77.2,0.301,0.141,0.072,False,
27,2025-09-08,26.4,224.3,81.8,0.421,0.12,0.026,False,
27,2025-09-07,31.2,113.5,87.0,0.158,0.148,0.0,False,
27,2025-09-06,26.0,447.4,81.9,0.66,0.0,0.057,False,
27,2025-09-05,31.5,240.5,73.6,0.466,0.066,0.0,False,
27,2025-09-04,28.9,244.8,81.9,0.422,0.008,0.0,False,
27,2025-09-03,26.4,399.8,80.4,0.727,0.148,0.066,False,
27,2025-09-02,26.3,481.6,81.4,0.748,0.078,0.026,False,
27,2025-09-01,27.9,378.0,76.7,0.624,0.0,0.0,False,
27,2025-08-31,32.0,420.8,87.7,0.618,0.101,0.0,False,
27,2025-08-30,25.1,197.7,80.8,0.288,0.0,0.064,False,
27,2025-08-29,34.8,361.8,75.8,0.489,0.108,0.0,False,
27,2025-08-28,31.8,413.5,89.7,0.619,0.0,0.087,False,
27,2025-08-27,32.2,339.3,84.6,0.451,0.125,0.0,False,
27,2025-08-26,26.9,111.6,70.3,0.27,0.118,0.0,False,
27,2025-08-25,30.4,362.8,79.5,0.578,0.166,0.0,False,
27,2025-08-24,27.2,267.9,86.9,0.387,0.009,0.004,False,
27,2025-08-23,27.5,109.0,74.2,0.167,0.163,0.041,False,
27,2025-08-22,31.1,340.6,76.4,0.601,0.012,0.0,False,
28,2025-09-21,28.9,263.2,81.6,0.343,0.603,0.042,False,
28,2025-09-20,25.2,220.6,76.9,0.429,0.669,0.099,False,
28,2025-09-19,29.2,392.6,94.3,0.654,0.587,0.042,False,
28,2025-09-18,25.5,353.3,91.0,0.528,0.564,0.012,False,
28,2025-09-17,28.7,286.3,84.3,0.419,0.543,0.005,False,
28,2025-09-16,27.7,322.5,79.9,0.445,0.548,0.095,False,
28,2025-09-15,30.6,323.2,89.1,0.556,0.527,0.084,False,
28,2025-09-14,32.6,237.3,81.6,0.401,0.518,0.091,False,
28,2025-09-13,28.2,202.1,78.9,0.359,0.699,0.0,False,
28,2025-09-12,32.7,291.7,90.5,0.368,0.62,0.0,False,
28,2025-09-11,25.5,373.6,78.3,0.624,0.676,0.067,False,
28,2025-09-10,25.4,368.1,83.2,0.674,0.638,0.0,False,
28,2025-09-09,32.7,297.4,94.9,0.575,0.577,0.0,False,
28,2025-09-08,27.3,282.7,93.1,0.465,0.599,0.078,False,
28,2025-09-07,25.4,362.5,79.7,0.577,0.533,0.0,False,
28,2025-09-06,26.3,374.2,87.5,0.638,0.593,0.02,False,
28,2025-09-05,29.5,381.1,84.1,0.59,0.669,0.077,False,
28,2025-09-04,26.2,449.7,86.8,0.659,0.568,0.0,False,
28,2025-09-03,25.1,302.0,75.6,0.491,0.656,0.002,False,
28,2025-09-02,32.0,203.7,89.3,0.227,0.506,0.0,False,
28,2025-09-01,28.8,430.9,84.5,0.666,0.512,0.0,False,
28,2025-08-31,25.5,388.8,84.2,0.656,0.607,0.08,False,
28,2025-08-30,30.3,342.4,91.7,0.641,0.529,0.0,False,
28,2025-08-29,29.4,375.2,92.6,0.621,0.635,0.051,False,
28,2025-08-28,25.6,354.4,86.9,0.572,0.683,0.029,False,
28,2025-08-27,28.1,287.4,86.9,0.365,0.5,0.0,False,
28,2025-08-26,27.6,264.4,82.8,0.417,0.51,0.018,False,
28,2025-08-25,29.2,382.3,92.2,0.657,0.502,0.0,False,
28,2025-08-24,28.8,367.0,84.0,0.62,0.531,0.034,False,
28,2025-08-23,26.1,426.4,88.8,0.685,0.547,0.002,False,
28,2025-08-22,27.6,308.1,92.6,0.423,0.647,0.067,False,
29,2025-09-21,26.6,327.8,81.8,0.453,0.526,0.034,False,
29,2025-09-20,26.2,361.2,88.6,0.552,0.577,0.025,False,
29,2025-09-19,28.4,432.4,83.1,0.653,0.595,0.059,False,
29,2025-09-18,28.7,482.5,85.9,0.83,0.672,0.005,False,
29,2025-09-17,31.8,232.0,81.7,0.441,0.694,0.0,False,
29,2025-09-16,25.2,475.3,81.2,0.809,0.619,0.0,False,
29,2025-09-15,24.0,325.7,85.5,0.618,0.513,0.0,False,
29,2025-09-14,30.3,299.2,84.7,0.484,0.602,0.0,False,
29,2025-09-13,27.3,421.3,76.7,0.733,0.585,0.0,False,
29,2025-09-12,24.3,155.8,81.4,0.201,0.579,0.074,False,
29,2025-09-11,31.4,285.1,75.1,0.391,0.527,0.0,False,
29,2025-09-10,30.4,306.8,84.9,0.405,0.571,0.0,False,
29,2025-09-09,31.7,247.5,77.6,0.323,0.515,0.0,False,
29,2025-09-08,22.3,241.4,85.8,0.467,0.673,0.059,False,
29,2025-09-07,25.3,190.6,81.4,0.37,0.5,0.062,False,
29,2025-09-06,22.3,459.3,79.2,0.678,0.62,0.0,False,
29,2025-09-05,24.8,372.8,76.2,0.625,0.635,0.0,False,
29,2025-09-04,26.8,212.8,85.9,0.276,0.642,0.0,False,
29,2025-09-03,29.6,190.5,76.7,0.367,0.551,0.004,False,
29,2025-09-02,30.2,425.8,84.7,0.583,0.651,0.097,False,
29,2025-09-01,26.7,257.3,87.0,0.317,0.622,0.006,False,
29,2025-08-31,27.6,325.7,86.4,0.513,0.501,0.064,False,
29,2025-08-30,29.6,459.1,87.9,0.761,0.677,0.0,False,
29,2025-08-29,23.9,358.7,86.9,0.562,0.541,0.022,False,
29,2025-08-28,23.4,419.8,77.0,0.697,0.511,0.046,False,
29,2025-08-27,25.6,499.7,85.9,0.712,0.576,0.037,False,
29,2025-08-26,23.9,249.0,84.9,0.382,0.578,0.0,False,
29,2025-08-25,31.1,434.3,76.9,0.624,0.692,0.099,False,
29,2025-08-24,22.9,387.4,75.7,0.598,0.562,0.0,False,
29,2025-08-23,28.9,166.2,79.4,0.3,0.595,0.0,False,
29,2025-08-22,30.4,270.3,78.5,0.485,0.664,0.024,False,
30,2025-09-21,28.5,202.8,67.3,0.329,0.126,0.0,False,
30,2025-09-20,26.5,318.2,83.3,0.544,0.011,0.0,False,
30,2025-09-19,27.0,328.3,78.0,0.49,0.112,0.004,False,
30,2025-09-18,27.2,172.3,79.2,0.267,0.129,0.096,False,
30,2025-09-17,25.3,198.7,84.2,0.264,0.057,0.081,False,
30,2025-09-16,26.4,265.4,66.4,0.44,0.148,0.0,False,
30,2025-09-15,31.2,158.1,69.7,0.243,0.001,0.096,False,
30,2025-09-14,32.0,313.8,84.7,0.462,0.0,0.0,False,
30,2025-09-13,27.0,259.1,84.0,0.48,0.132,0.0,False,
30,2025-09-12,30.4,231.1,65.2,0.388,0.0,0.061,False,
30,2025-09-11,28.8,329.1,72.2,0.505,0.12,0.004,False,
30,2025-09-10,33.4,134.6,83.0,0.261,0.071,0.0,False,
30,2025-09-09,26.5,304.3,67.8,0.478,0.106,0.0,False,
30,2025-09-08,26.1,184.4,68.0,0.198,0.12,0.0,False,
30,2025-09-07,30.1,313.5,68.9,0.45,0.004,0.0,False,
30,2025-09-06,26.7,141.5,67.0,0.164,0.006,0.0,False,
30,2025-09-05,31.4,296.0,83.6,0.466,0.0,0.09,False,
30,2025-09-04,27.8,280.7,75.2,0.446,0.071,0.0,False,
30,2025-09-03,27.0,334.3,70.2,0.453,0.024,0.045,False,
30,2025-09-02,33.3,315.9,80.7,0.444,0.0,0.0,False,
30,2025-09-01,33.6,291.4,65.3,0.371,0.08,0.0,False,
30,2025-08-31,26.9,203.4,69.8,0.354,0.009,0.04,False,
30,2025-08-30,29.2,295.1,71.8,0.489,0.035,0.0,False,
30,2025-08-29,31.8,190.1,81.9,0.296,0.0,0.0,False,
30,2025-08-28,26.4,280.4,76.3,0.455,0.152,0.0,False,
30,2025-08-27,34.4,211.2,76.9,0.414,0.169,0.063,False,
30,2025-08-26,25.6,138.6,83.8,0.153,0.007,0.035,False,
30,2025-08-25,33.1,210.1,68.9,0.267,0.133,0.059,False,
30,2025-08-24,33.7,162.6,72.0,0.214,0.1,0.0,False,
30,2025-08-23,34.8,327.1,66.2,0.621,0.022,0.0,False,
30,2025-08-22,26.5,283.9,67.4,0.42,0.114,0.0,False,
31,2025-09-21,31.2,116.4,81.6,0.125,0.047,0.096,False,
31,2025-09-20,30.2,174.1,81.2,0.191,0.117,0.057,False,
31,2025-09-19,28.0,349.0,89.5,0.499,0.031,0.072,False,
31,2025-09-18,33.2,334.5,78.6,0.555,0.041,0.019,False,
31,2025-09-17,31.6,216.1,72.9,0.36,0.024,0.054,False,
31,2025-09-16,32.3,168.2,75.1,0.241,0.133,0.031,False,
31,2025-09-15,34.3,310.4,79.2,0.404,0.0,0.0,False,
31,2025-09-14,32.8,288.5,76.5,0.525,0.089,0.0,False,
31,2025-09-13,25.4,275.5,71.9,0.43,0.009,0.012,False,
31,2025-09-12,34.1,287.1,70.2,0.409,0.006,0.048,False,
31,2025-09-11,31.3,357.6,82.8,0.574,0.175,0.043,False,
31,2025-09-10,32.2,310.1,81.4,0.576,0.121,0.0,False,
31,2025-09-09,33.9,221.8,81.1,0.257,0.072,0.0,False,
31,2025-09-08,28.7,245.6,87.7,0.459,0.036,0.09,False,
31,2025-09-07,29.2,279.3,88.3,0.352,0.116,0.007,False,
31,2025-09-06,33.4,194.2,71.8,0.365,0.044,0.0,False,
31,2025-09-05,34.0,249.7,86.2,0.404,0.102,0.0,False,
31,2025-09-04,34.6,120.3,72.2,0.217,0.025,0.0,False,
31,2025-09-03,26.7,177.4,81.2,0.313,0.049,0.021,False,
31,2025-09-02,28.4,139.6,84.8,0.272,0.07,0.021,False,
31,2025-09-01,32.3,193.0,70.0,0.348,0.01,0.0,False,
31,2025-08-31,31.9,147.5,89.1,0.16,0.047,0.0,False,
31,2025-08-30,28.1,227.9,72.1,0.291,0.145,0.0,False,
31,2025-08-29,31.8,399.0,70.8,0.549,0.0,0.045,False,
31,2025-08-28,31.3,347.9,85.6,0.557,0.085,0.015,False,
31,2025-08-27,26.3,387.6,87.6,0.666,0.12,0.0,False,
31,2025-08-26,33.2,141.0,71.8,0.148,0.0,0.031,False,
31,2025-08-25,30.8,134.7,85.3,0.31,0.017,0.0,False,
31,2025-08-24,28.4,116.3,75.2,0.154,0.02,0.045,False,
31,2025-08-23,26.8,250.8,72.5,0.344,0.075,0.1,False,
31,2025-08-22,29.8,295.9,84.8,0.467,0.052,0.018,False,
32,2025-09-21,32.0,386.5,83.1,0.567,0.077,0.0,False,
32,2025-09-20,27.8,497.6,74.6,0.747,0.127,0.0,False,
32,2025-09-19,25.9,398.1,70.0,0.561,0.0,0.049,False,
32,2025-09-18,28.3,384.9,81.1,0.598,0.127,0.039,False,
32,2025-09-17,26.3,230.7,79.6,0.427,0.0,0.0,False,
32,2025-09-16,30.7,271.5,88.5,0.356,0.07,0.0,False,
32,2025-09-15,25.3,350.9,79.6,0.587,0.058,0.085,False,
32,2025-09-14,26.3,246.4,75.7,0.349,0.094,0.0,False,
32,2025-09-13,29.5,366.9,88.3,0.573,0.046,0.0,False,
32,2025-09-12,33.6,378.8,83.8,0.619,0.146,0.025,False,
32,2025-09-11,32.5,117.9,73.2,0.122,0.076,0.0,False,
32,2025-09-10,27.3,221.2,84.0,0.342,0.023,0.0,False,
32,2025-09-09,31.2,318.3,81.8,0.525,0.108,0.0,False,
32,2025-09-08,32.5,323.3,74.8,0.613,0.0,0.047,False,
32,2025-09-07,30.3,170.2,78.2,0.308,0.166,0.0,False,
32,2025-09-06,34.5,195.4,81.8,0.245,0.132,0.0,False,
32,2025-09-05,33.0,100.2,85.4,0.133,0.037,0.0,False,
32,2025-09-04,28.6,108.8,73.3,0.113,0.103,0.0,False,
32,2025-09-03,32.0,493.1,86.3,0.862,0.088,0.045,False,
32,2025-09-02,33.5,420.2,74.6,0.72,0.0,0.006,False,
32,2025-09-01,29.6,226.8,82.8,0.328,0.098,0.0,False,
32,2025-08-31,31.9,133.6,76.0,0.141,0.033,0.0,False,
32,2025-08-30,34.2,384.5,75.0,0.644,0.105,0.0,False,
32,2025-08-29,28.2,164.2,80.9,0.331,0.0,0.0,False,
32,2025-08-28,28.4,388.8,76.2,0.691,0.115,0.0,False,
32,2025-08-27,33.6,372.9,83.6,0.546,0.002,0.076,False,
32,2025-08-26,35.0,415.7,85.6,0.575,0.099,0.017,False,
32,2025-08-25,28.7,365.0,74.8,0.505,0.042,0.0,False,
32,2025-08-24,33.0,464.7,89.5,0.814,0.061,0.019,False,
32,2025-08-23,32.7,425.8,82.1,0.604,0.095,0.067,False,
32,2025-08-22,28.2,173.0,84.9,0.255,0.083,0.0,False,
33,2025-09-21,31.9,365.5,87.8,0.62,0.03,0.085,False,
33,2025-09-20,31.7,391.5,89.7,0.598,0.096,0.0,False,
33,2025-09-19,29.5,468.3,81.3,0.739,0.0,0.059,False,
33,2025-09-18,32.0,472.9,85.6,0.755,0.14,0.0,False,
33,2025-09-17,32.4,276.6,76.6,0.366,0.139,0.014,False,
33,2025-09-16,32.2,287.3,86.5,0.556,0.053,0.0,False,
33,2025-09-15,27.2,313.3,75.3,0.443,0.116,0.013,False,
33,2025-09-14,26.4,123.4,89.7,0.227,0.076,0.0,False,
33,2025-09-13,27.2,326.9,79.0,0.445,0.003,0.054,False,
33,2025-09-12,30.9,489.0,89.1,0.76,0.059,0.0,False,
33,2025-09-11,27.3,381.3,82.6,0.624,0.115,0.0,False,
33,2025-09-10,25.7,207.0,77.2,0.328,0.017,0.01,False,
33,2025-09-09,30.6,236.8,75.5,0.417,0.071,0.012,False,
33,2025-09-08,28.6,478.0,79.1,0.862,0.134,0.0,False,
33,2025-09-07,29.6,471.5,88.7,0.733,0.119,0.0,False,
33,2025-09-06,29.9,101.9,84.1,0.064,0.153,0.0,False,
33,2025-09-05,31.5,121.9,73.6,0.231,0.127,0.0,False,
33,2025-09-04,26.3,302.0,80.4,0.486,0.071,0.0,False,
33,2025-09-03,27.8,100.1,81.7,0.17,0.082,0.0,False,
33,2025-09-02,31.8,469.5,80.3,0.692,0.0,0.0,False,
33,2025-09-01,31.5,460.1,86.4,0.732,0.0,0.0,False,
33,2025-08-31,29.6,105.3,75.5,0.09,0.117,0.0,False,
33,2025-08-30,32.0,215.6,77.9,0.283,0.0,0.066,False,
33,2025-08-29,25.7,276.1,86.3,0.456,0.065,0.007,False,
33,2025-08-28,28.0,466.2,73.4,0.708,0.086,0.062,False,
33,2025-08-27,31.2,445.4,73.6,0.803,0.065,0.013,False,
33,2025-08-26,25.9,432.1,80.6,0.726,0.0,0.0,False,
33,2025-08-25,32.8,474.8,88.6,0.735,0.013,0.092,False,
33,2025-08-24,27.1,136.4,86.9,0.266,0.124,0.0,False,
33,2025-08-23,26.3,484.5,72.9,0.758,0.149,0.0,False,
33,2025-08-22,26.4,312.0,76.1,0.595,0.081,0.0,False,
34,2025-09-21,31.7,228.8,70.8,0.333,0.07,0.0,False,
34,2025-09-20,30.7,272.1,82.4,0.375,0.011,0.067,False,
34,2025-09-19,34.0,487.2,81.7,0.73,0.085,0.087,False,
34,2025-09-18,31.7,352.3,84.6,0.472,0.065,0.019,False,
34,2025-09-17,30.7,208.9,86.6,0.317,0.156,0.038,False,
34,2025-09-16,26.5,377.6,70.6,0.673,0.045,0.0,False,
34,2025-09-15,32.1,263.3,80.4,0.399,0.005,0.0,False,
34,2025-09-14,31.0,447.3,82.1,0.719,0.057,0.014,False,
34,2025-09-13,25.9,247.8,79.9,0.469,0.039,0.0,False,
34,2025-09-12,33.5,236.9,77.6,0.453,0.103,0.0,False,
34,2025-09-11,28.9,487.4,77.1,0.703,0.03,0.0,False,
34,2025-09-10,32.1,387.2,79.8,0.647,0.172,0.0,False,
34,2025-09-09,30.5,356.8,82.7,0.543,0.003,0.0,False,
34,2025-09-08,25.5,316.4,74.5,0.542,0.0,0.0,False,
34,2025-09-07,27.5,369.5,84.8,0.545,0.056,0.0,False,
34,2025-09-06,33.0,108.5,77.2,0.217,0.12,0.0,False,
34,2025-09-05,26.9,368.6,71.9,0.687,0.086,0.079,False,
34,2025-09-04,28.9,117.9,76.0,0.203,0.0,0.0,False,
34,2025-09-03,33.5,155.2,76.6,0.298,0.117,0.0,False,
34,2025-09-02,28.6,367.9,84.5,0.632,0.085,0.0,False,
34,2025-09-01,34.7,494.3,78.4,0.777,0.0,0.0,False,
34,2025-08-31,32.3,465.1,72.4,0.669,0.07,0.046,False,
34,2025-08-30,26.0,335.4,88.4,0.498,0.05,0.008,False,
34,2025-08-29,31.5,275.4,88.2,0.464,0.0,0.016,False,
34,2025-08-28,33.2,379.1,88.9,0.655,0.137,0.0,False,
34,2025-08-27,34.1,405.1,89.9,0.725,0.026,0.087,False,
34,2025-08-26,29.1,163.2,80.1,0.345,0.055,0.006,False,
34,2025-08-25,27.1,234.8,71.0,0.326,0.063,0.09,False,
34,2025-08-24,27.4,315.2,87.6,0.557,0.04,0.038,False,
34,2025-08-23,32.0,382.1,74.3,0.552,0.054,0.084,False,
34,2025-08-22,32.8,184.9,79.6,0.221,0.124,0.0,False,
35,2025-09-21,28.5,183.2,77.4,0.333,0.073,0.0,False,
35,2025-09-20,24.8,289.3,85.7,0.435,0.0,0.0,False,
35,2025-09-19,27.5,198.3,87.6,0.404,0.096,0.0,False,
35,2025-09-18,24.7,360.4,85.6,0.673,0.14,0.0,False,
35,2025-09-17,25.1,438.6,84.5,0.715,0.084,0.063,False,
35,2025-09-16,25.0,253.3,78.6,0.451,0.155,0.073,False,
35,2025-09-15,22.7,420.3,87.6,0.656,0.054,0.0,False,
35,2025-09-14,30.2,372.4,78.9,0.662,0.083,0.068,False,
35,2025-09-13,29.4,278.6,79.8,0.428,0.021,0.043,False,
35,2025-09-12,29.7,444.4,78.1,0.698,0.137,0.0,False,
35,2025-09-11,23.8,490.8,82.8,0.736,0.149,0.0,False,
35,2025-09-10,29.5,473.8,89.5,0.74,0.079,0.0,False,
35,2025-09-09,30.8,399.2,78.8,0.708,0.169,0.042,False,
35,2025-09-08,22.7,162.2,80.9,0.319,0.139,0.0,False,
35,2025-09-07,28.3,261.6,83.2,0.329,0.091,0.0,False,
35,2025-09-06,22.5,285.3,87.1,0.486,0.0,0.0,False,
35,2025-09-05,28.9,225.9,85.4,0.369,0.165,0.0,False,
35,2025-09-04,29.1,170.1,79.2,0.221,0.036,0.058,False,
35,2025-09-03,27.7,344.7,78.4,0.61,0.066,0.0,False,
35,2025-09-02,31.4,225.9,78.5,0.404,0.04,0.008,False,
35,2025-09-01,23.1,277.7,80.3,0.36,0.1,0.0,False,
35,2025-08-31,31.0,286.0,79.1,0.478,0.044,0.0,False,
35,2025-08-30,31.8,470.8,82.2,0.767,0.122,0.004,False,
35,2025-08-29,23.3,401.3,80.4,0.58,0.061,0.02,False,
35,2025-08-28,30.6,298.0,84.3,0.438,0.0,0.0,False,
35,2025-08-27,26.4,216.8,82.7,0.385,0.112,0.0,False,
35,2025-08-26,30.9,454.6,80.7,0.675,0.031,0.0,False,
35,2025-08-25,26.6,304.5,88.6,0.445,0.068,0.005,False,
35,2025-08-24,26.7,237.5,76.5,0.458,0.0,0.0,False,
35,2025-08-23,29.8,300.4,88.2,0.442,0.056,0.0,False,
35,2025-08-22,22.7,193.5,82.3,0.302,0.013,0.002,False,
36,2025-09-21,28.7,487.2,84.3,0.849,0.643,0.0,False,
36,2025-09-20,24.7,150.9,88.8,0.204,0.629,0.0,False,
36,2025-09-19,29.2,499.6,88.7,0.899,0.624,0.0,False,
36,2025-09-18,22.1,295.0,76.2,0.489,0.544,0.0,False,
36,2025-09-17,30.2,204.3,89.9,0.346,0.658,0.0,False,
36,2025-09-16,24.5,245.4,79.3,0.406,0.666,0.0,False,
36,2025-09-15,24.8,421.0,88.2,0.661,0.698,0.0,False,
36,2025-09-14,22.4,333.4,86.5,0.474,0.518,0.0,False,
36,2025-09-13,30.9,162.9,88.0,0.264,0.662,0.0,False,
36,2025-09-12,27.9,311.4,82.7,0.415,0.61,0.0,False,
36,2025-09-11,28.6,349.7,82.3,0.545,0.592,0.032,False,
36,2025-09-10,27.7,301.1,87.9,0.461,0.673,0.0,False,
36,2025-09-09,31.1,469.8,82.9,0.823,0.674,0.074,False,
36,2025-09-08,22.4,424.7,86.5,0.601,0.501,0.0,False,
36,2025-09-07,27.6,404.4,87.5,0.704,0.544,0.0,False,
36,2025-09-06,23.5,455.1,88.6,0.774,0.682,0.0,False,
36,2025-09-05,22.3,181.2,85.7,0.267,0.564,0.035,False,
36,2025-09-04,29.6,307.0,82.6,0.398,0.644,0.01,False,
36,2025-09-03,25.2,210.3,86.2,0.343,0.613,0.0,False,
36,2025-09-02,24.7,491.2,88.2,0.718,0.606,0.0,False,
36,2025-09-01,24.0,405.8,88.5,0.693,0.597,0.047,False,
36,2025-08-31,25.5,305.4,81.5,0.551,0.518,0.029,False,
36,2025-08-30,26.6,465.0,78.6,0.747,0.626,0.066,False,
36,2025-08-29,26.9,434.3,75.9,0.617,0.551,0.001,False,
36,2025-08-28,27.7,414.4,85.5,0.711,0.602,0.0,False,
36,2025-08-27,26.0,310.0,81.6,0.531,0.595,0.042,False,
36,2025-08-26,23.8,382.8,83.2,0.558,0.631,0.0,False,
36,2025-08-25,29.9,322.4,87.6,0.501,0.598,0.0,False,
36,2025-08-24,30.4,428.3,83.4,0.751,0.576,0.0,False,
36,2025-08-23,31.6,270.7,79.3,0.415,0.529,0.0,False,
36,2025-08-22,29.4,437.9,86.6,0.623,0.625,0.009,False,
1,2026-09-21,26.6,488.0,87.4,0.802,0.72,0.125,True,2026.0
2,2026-09-21,30.4,340.8,83.5,0.634,0.036,0.168,True,2026.0
3,2026-09-21,25.1,474.5,94.1,0.889,0.192,0.108,True,2026.0
4,2026-09-21,29.8,391.2,89.2,0.653,0.191,0.104,True,2026.0
5,2026-09-21,28.3,127.6,74.6,0.241,0.088,0.08,True,2026.0
6,2026-09-21,29.0,356.5,75.3,0.648,0.674,0.13,True,2026.0
7,2026-09-21,28.1,234.7,80.6,0.372,0.532,0.112,True,2026.0
8,2026-09-21,31.3,171.0,82.9,0.26,0.068,0.094,True,2026.0
9,2026-09-21,32.6,464.0,85.0,0.705,0.143,0.163,True,2026.0
10,2026-09-21,33.4,378.3,75.3,0.619,0.074,0.08,True,2026.0
11,2026-09-21,29.5,343.4,79.5,0.551,0.181,0.08,True,2026.0
12,2026-09-21,26.0,198.8,87.0,0.301,0.556,0.107,True,2026.0
13,2026-09-21,26.8,341.5,73.6,0.575,0.142,0.177,True,2026.0
14,2026-09-21,35.1,119.3,71.3,0.294,0.535,0.128,True,2026.0
15,2026-09-21,28.6,500.6,93.5,0.813,0.163,0.08,True,2026.0
16,2026-09-21,25.4,454.5,80.2,0.684,0.138,0.13,True,2026.0
17,2026-09-21,24.6,253.3,89.8,0.442,0.06,0.132,True,2026.0
18,2026-09-21,29.5,438.5,93.7,0.813,0.143,0.09,True,2026.0
19,2026-09-21,25.8,370.5,76.8,0.548,0.557,0.08,True,2026.0
20,2026-09-21,28.6,190.0,74.7,0.308,0.062,0.08,True,2026.0
21,2026-09-21,29.4,255.8,77.9,0.396,0.083,0.092,True,2026.0
22,2026-09-21,24.7,322.7,81.4,0.663,0.03,0.093,True,2026.0
23,2026-09-21,29.7,505.7,77.2,0.878,0.7,0.165,True,2026.0
24,2026-09-21,28.4,221.8,83.2,0.378,0.072,0.134,True,2026.0
25,2026-09-21,24.9,270.1,94.5,0.474,0.133,0.08,True,2026.0
26,2026-09-21,26.7,132.0,81.6,0.303,0.147,0.08,True,2026.0
27,2026-09-21,33.6,349.5,75.7,0.517,0.03,0.08,True,2026.0
28,2026-09-21,25.8,376.4,94.1,0.632,0.561,0.08,True,2026.0
29,2026-09-21,30.4,265.7,78.4,0.559,0.728,0.121,True,2026.0
30,2026-09-21,34.9,177.5,72.7,0.357,0.085,0.08,True,2026.0
31,2026-09-21,34.1,372.8,70.0,0.582,0.03,0.107,True,2026.0
32,2026-09-21,31.0,241.2,84.8,0.351,0.101,0.08,True,2026.0
33,2026-09-21,27.4,177.1,73.1,0.363,0.114,0.085,True,2026.0
34,2026-09-21,29.6,189.0,87.6,0.358,0.05,0.108,True,2026.0
35,2026-09-21,26.2,348.5,82.2,0.566,0.111,0.144,True,2026.0
36,2026-09-21,23.0,384.6,82.4,0.587,0.675,0.164,True,2026.0
1,2027-09-21,26.7,234.8,88.7,0.536,0.608,0.22,True,2027.0
2,2027-09-21,30.8,290.0,85.9,0.557,0.06,0.16,True,2027.0
3,2027-09-21,30.8,434.8,86.2,0.828,0.091,0.16,True,2027.0
4,2027-09-21,31.4,448.4,89.9,0.803,0.1,0.16,True,2027.0
5,2027-09-21,26.9,230.7,75.9,0.484,0.159,0.16,True,2027.0
6,2027-09-21,35.2,375.4,82.9,0.63,0.624,0.16,True,2027.0
7,2027-09-21,34.6,386.0,70.5,0.687,0.569,0.16,True,2027.0
8,2027-09-21,26.3,212.3,87.9,0.353,0.092,0.161,True,2027.0
9,2027-09-21,30.3,235.3,87.8,0.453,0.06,0.257,True,2027.0
10,2027-09-21,28.5,502.8,82.1,0.963,0.149,0.241,True,2027.0
11,2027-09-21,23.5,361.6,75.9,0.642,0.163,0.252,True,2027.0
12,2027-09-21,26.5,338.0,77.1,0.587,0.603,0.2,True,2027.0
13,2027-09-21,32.0,151.8,65.4,0.35,0.077,0.216,True,2027.0
14,2027-09-21,30.7,139.8,88.7,0.408,0.715,0.26,True,2027.0
15,2027-09-21,24.1,413.7,93.2,0.677,0.131,0.16,True,2027.0
16,2027-09-21,28.6,396.4,88.4,0.679,0.195,0.16,True,2027.0
17,2027-09-21,28.0,213.9,92.5,0.414,0.126,0.223,True,2027.0
18,2027-09-21,27.8,526.0,85.8,0.884,0.163,0.245,True,2027.0
19,2027-09-21,32.6,222.7,80.5,0.455,0.709,0.209,True,2027.0
20,2027-09-21,34.6,328.4,87.0,0.686,0.169,0.248,True,2027.0
21,2027-09-21,26.9,142.7,81.1,0.294,0.113,0.16,True,2027.0
22,2027-09-21,26.1,467.9,91.8,0.939,0.229,0.16,True,2027.0
23,2027-09-21,32.6,515.5,76.2,0.915,0.656,0.16,True,2027.0
24,2027-09-21,26.8,230.2,86.1,0.414,0.207,0.168,True,2027.0
25,2027-09-21,26.4,399.1,82.3,0.807,0.22,0.16,True,2027.0
26,2027-09-21,32.1,117.2,70.9,0.378,0.115,0.23,True,2027.0
27,2027-09-21,33.8,399.3,75.7,0.82,0.139,0.16,True,2027.0
28,2027-09-21,28.6,397.5,84.1,0.721,0.631,0.16,True,2027.0
29,2027-09-21,23.1,398.6,78.4,0.672,0.681,0.16,True,2027.0
30,2027-09-21,33.3,133.0,77.3,0.311,0.122,0.16,True,2027.0
31,2027-09-21,30.8,276.7,75.6,0.562,0.173,0.16,True,2027.0
32,2027-09-21,27.6,292.3,70.5,0.579,0.132,0.225,True,2027.0
33,2027-09-21,33.6,375.3,79.7,0.73,0.197,0.226,True,2027.0
34,2027-09-21,33.1,167.2,71.6,0.366,0.208,0.255,True,2027.0
35,2027-09-21,23.4,454.0,77.5,0.854,0.183,0.193,True,2027.0
36,2027-09-21,24.9,295.3,84.5,0.625,0.718,0.169,True,2027.0
1,2028-09-21,25.8,534.8,76.5,0.943,0.619,0.34,True,2028.0
2,2028-09-21,25.1,542.4,80.7,1.0,0.181,0.26,True,2028.0
3,2028-09-21,24.8,287.6,91.7,0.565,0.113,0.24,True,2028.0
4,2028-09-21,26.8,278.2,83.3,0.516,0.09,0.336,True,2028.0
5,2028-09-21,30.3,286.0,74.0,0.624,0.16,0.257,True,2028.0
6,2028-09-21,34.7,252.2,75.3,0.646,0.715,0.313,True,2028.0
7,2028-09-21,35.5,160.8,75.1,0.369,0.592,0.24,True,2028.0
8,2028-09-21,35.6,518.5,88.8,0.906,0.251,0.24,True,2028.0
9,2028-09-21,33.5,238.9,86.0,0.542,0.229,0.24,True,2028.0
10,2028-09-21,30.6,475.3,84.9,0.878,0.248,0.24,True,2028.0
11,2028-09-21,33.4,453.7,84.4,0.863,0.153,0.24,True,2028.0
12,2028-09-21,24.4,415.9,79.9,0.755,0.774,0.24,True,2028.0
13,2028-09-21,29.3,319.2,70.2,0.734,0.194,0.249,True,2028.0
14,2028-09-21,29.6,170.4,88.9,0.466,0.677,0.24,True,2028.0
15,2028-09-21,28.9,413.5,83.6,0.739,0.198,0.24,True,2028.0
16,2028-09-21,24.5,409.1,91.9,0.858,0.19,0.24,True,2028.0
17,2028-09-21,27.3,422.2,89.1,0.815,0.255,0.338,True,2028.0
18,2028-09-21,25.1,388.8,85.9,0.855,0.19,0.24,True,2028.0
19,2028-09-21,27.2,400.4,93.2,0.866,0.673,0.24,True,2028.0
20,2028-09-21,35.8,315.8,85.7,0.634,0.2,0.313,True,2028.0
21,2028-09-21,32.0,336.5,81.8,0.739,0.177,0.24,True,2028.0
22,2028-09-21,29.0,426.1,91.1,0.925,0.09,0.262,True,2028.0
23,2028-09-21,26.6,230.4,87.9,0.606,0.735,0.24,True,2028.0
24,2028-09-21,32.1,529.1,79.0,0.954,0.104,0.24,True,2028.0
25,2028-09-21,30.9,443.9,94.6,0.882,0.2,0.24,True,2028.0
26,2028-09-21,35.6,217.7,70.4,0.434,0.173,0.331,True,2028.0
27,2028-09-21,32.6,485.1,80.5,0.949,0.179,0.24,True,2028.0
28,2028-09-21,33.3,353.9,81.5,0.813,0.782,0.24,True,2028.0
29,2028-09-21,31.2,432.0,84.2,0.766,0.761,0.24,True,2028.0
30,2028-09-21,28.1,363.5,65.3,0.69,0.146,0.24,True,2028.0
31,2028-09-21,27.3,287.7,83.8,0.635,0.102,0.336,True,2028.0
32,2028-09-21,35.7,277.4,89.6,0.641,0.198,0.288,True,2028.0
33,2028-09-21,35.7,278.9,89.8,0.499,0.121,0.254,True,2028.0
34,2028-09-21,30.9,486.7,88.8,0.935,0.207,0.24,True,2028.0
35,2028-09-21,24.2,457.0,78.3,0.833,0.237,0.24,True,2028.0
36,2028-09-21,24.5,394.7,88.0,0.85,0.738,0.243,True,2028.0
1,2029-09-21,31.2,411.0,88.8,0.83,0.774,0.32,True,2029.0
2,2029-09-21,25.2,533.3,91.5,1.0,0.177,0.32,True,2029.0
3,2029-09-21,25.3,503.7,84.6,1.0,0.241,0.418,True,2029.0
4,2029-09-21,32.1,409.8,80.1,0.821,0.134,0.323,True,2029.0
5,2029-09-21,35.2,112.4,81.7,0.282,0.259,0.32,True,2029.0
6,2029-09-21,34.0,317.0,89.6,0.613,0.791,0.32,True,2029.0
7,2029-09-21,36.1,119.2,83.7,0.419,0.75,0.323,True,2029.0
8,2029-09-21,27.8,337.4,79.5,0.771,0.157,0.348,True,2029.0
9,2029-09-21,36.2,340.7,79.2,0.696,0.194,0.32,True,2029.0
10,2029-09-21,30.5,284.7,82.4,0.643,0.16,0.375,True,2029.0
11,2029-09-21,31.5,535.8,83.5,0.968,0.132,0.35,True,2029.0
12,2029-09-21,24.4,547.2,81.0,1.0,0.777,0.348,True,2029.0
13,2029-09-21,29.8,226.3,79.2,0.523,0.149,0.34,True,2029.0
14,2029-09-21,35.9,181.9,85.6,0.487,0.657,0.421,True,2029.0
15,2029-09-21,24.1,261.1,91.3,0.637,0.272,0.32,True,2029.0
16,2029-09-21,31.3,367.6,84.5,0.828,0.197,0.32,True,2029.0
17,2029-09-21,25.5,354.5,80.1,0.828,0.196,0.382,True,2029.0
18,2029-09-21,31.4,507.0,94.2,1.0,0.294,0.323,True,2029.0
19,2029-09-21,28.9,449.3,75.9,0.91,0.778,0.381,True,2029.0
20,2029-09-21,27.8,448.8,73.2,0.874,0.171,0.32,True,2029.0
21,2029-09-21,29.6,416.5,75.6,0.882,0.225,0.32,True,2029.0
22,2029-09-21,24.5,499.5,93.4,0.915,0.145,0.354,True,2029.0
23,2029-09-21,31.0,345.7,80.4,0.789,0.674,0.32,True,2029.0
24,2029-09-21,25.5,416.7,88.9,0.92,0.137,0.345,True,2029.0
25,2029-09-21,28.7,484.1,93.0,0.945,0.137,0.353,True,2029.0
26,2029-09-21,31.3,249.8,82.6,0.533,0.222,0.32,True,2029.0
27,2029-09-21,32.2,269.1,81.8,0.566,0.288,0.32,True,2029.0
28,2029-09-21,28.5,464.2,80.3,0.982,0.658,0.343,True,2029.0
29,2029-09-21,29.0,528.8,80.1,0.993,0.82,0.399,True,2029.0
30,2029-09-21,30.4,352.8,85.0,0.817,0.153,0.32,True,2029.0
31,2029-09-21,33.9,319.0,75.6,0.731,0.179,0.32,True,2029.0
32,2029-09-21,32.6,298.6,78.0,0.727,0.236,0.32,True,2029.0
33,2029-09-21,35.3,482.5,74.9,0.972,0.22,0.32,True,2029.0
34,2029-09-21,32.8,428.5,76.9,0.918,0.123,0.369,True,2029.0
35,2029-09-21,26.0,316.5,76.0,0.803,0.289,0.42,True,2029.0
36,2029-09-21,28.6,189.0,83.7,0.512,0.643,0.395,True,2029.0
1,2030-09-21,28.0,211.5,82.0,0.495,0.653,0.4,True,2030.0
2,2030-09-21,30.3,564.2,89.7,1.0,0.258,0.4,True,2030.0
3,2030-09-21,29.0,571.2,93.8,1.0,0.257,0.45,True,2030.0
4,2030-09-21,29.6,397.0,88.2,0.842,0.243,0.4,True,2030.0
5,2030-09-21,36.3,364.7,74.5,0.919,0.27,0.508,True,2030.0
6,2030-09-21,33.3,236.7,81.3,0.557,0.697,0.4,True,2030.0
7,2030-09-21,27.9,329.3,82.5,0.834,0.671,0.481,True,2030.0
8,2030-09-21,35.4,184.0,88.2,0.474,0.176,0.4,True,2030.0
9,2030-09-21,31.5,329.1,83.0,0.843,0.177,0.4,True,2030.0
10,2030-09-21,31.5,236.1,84.6,0.534,0.265,0.417,True,2030.0
11,2030-09-21,29.9,398.0,88.2,0.862,0.15,0.4,True,2030.0
12,2030-09-21,33.9,535.6,89.7,1.0,0.81,0.459,True,2030.0
13,2030-09-21,31.4,158.0,69.1,0.44,0.186,0.418,True,2030.0
14,2030-09-21,33.9,382.1,80.6,0.867,0.652,0.4,True,2030.0
15,2030-09-21,25.2,314.5,89.4,0.843,0.181,0.4,True,2030.0
16,2030-09-21,31.6,422.8,82.0,0.996,0.15,0.4,True,2030.0
17,2030-09-21,25.5,248.3,87.7,0.566,0.242,0.433,True,2030.0
18,2030-09-21,29.8,337.4,87.1,0.874,0.216,0.4,True,2030.0
19,2030-09-21,32.0,436.6,91.9,0.99,0.74,0.474,True,2030.0
20,2030-09-21,35.0,117.1,76.3,0.519,0.224,0.4,True,2030.0
21,2030-09-21,30.5,455.6,80.5,1.0,0.281,0.4,True,2030.0
22,2030-09-21,31.3,405.2,84.5,0.942,0.157,0.467,True,2030.0
23,2030-09-21,34.4,503.7,85.9,1.0,0.739,0.463,True,2030.0
24,2030-09-21,32.4,515.2,83.9,1.0,0.314,0.4,True,2030.0
25,2030-09-21,31.0,465.5,93.5,0.936,0.244,0.416,True,2030.0
26,2030-09-21,32.2,118.4,66.5,0.478,0.207,0.46,True,2030.0
27,2030-09-21,31.5,359.9,89.6,0.769,0.161,0.4,True,2030.0
28,2030-09-21,28.4,555.4,75.8,1.0,0.715,0.428,True,2030.0
29,2030-09-21,31.1,335.4,87.6,0.705,0.744,0.41,True,2030.0
30,2030-09-21,36.9,357.3,68.2,0.881,0.184,0.4,True,2030.0
31,2030-09-21,32.2,255.0,89.4,0.707,0.244,0.4,True,2030.0
32,2030-09-21,30.4,152.6,88.7,0.443,0.283,0.4,True,2030.0
33,2030-09-21,31.5,480.8,89.4,0.923,0.268,0.444,True,2030.0
34,2030-09-21,29.9,517.7,84.7,1.0,0.194,0.4,True,2030.0
35,2030-09-21,27.3,239.7,75.8,0.565,0.16,0.4,True,2030.0
36,2030-09-21,26.2,534.4,78.8,1.0,0.705,0.477,True,2030.0
