location_id,date,dengue_cases,malaria_cases,heatstroke_cases,diarrhea_cases,is_projected,projection_year
1,2025-09-21,2478,4884,0,30002,False,
1,2025-09-20,10389,8590,0,29711,False,
1,2025-09-19,5202,5993,0,29557,False,
1,2025-09-18,10341,8326,0,29790,False,
1,2025-09-17,0,2278,0,29954,False,
1,2025-09-16,0,2819,0,29669,False,
1,2025-09-15,5179,6053,0,29690,False,
1,2025-09-14,10984,8662,0,29755,False,
1,2025-09-13,4657,5839,0,29898,False,
1,2025-09-12,4358,5680,0,29718,False,
1,2025-09-11,5702,6247,0,29400,False,
1,2025-09-10,0,3219,0,29358,False,
1,2025-09-09,844,4157,0,29672,False,
1,2025-09-08,2776,4888,0,29665,False,
1,2025-09-07,4499,5827,0,29828,False,
1,2025-09-06,3263,5098,0,29738,False,
1,2025-09-05,8814,7713,0,29839,False,
1,2025-09-04,11244,8887,0,29696,False,
1,2025-09-03,0,1869,0,29864,False,
1,2025-09-02,0,2109,0,29797,False,
1,2025-09-01,0,2099,0,29622,False,
1,2025-08-31,0,3613,0,29904,False,
1,2025-08-30,0,2228,0,29569,False,
1,2025-08-29,3528,5300,0,29844,False,
1,2025-08-28,2791,4931,0,29758,False,
1,2025-08-27,5131,6020,0,29957,False,
1,2025-08-26,1221,4261,0,29586,False,
1,2025-08-25,5835,6386,0,29792,False,
1,2025-08-24,2729,4846,0,29618,False,
1,2025-08-23,4798,5902,0,29532,False,
1,2025-08-22,4911,5753,0,29614,False,
2,2025-09-21,83,145,0,840,False,
2,2025-09-20,4,111,0,819,False,
2,2025-09-19,112,142,0,800,False,
2,2025-09-18,229,185,0,851,False,
2,2025-09-17,127,167,0,790,False,
2,2025-09-16,0,41,0,858,False,
2,2025-09-15,27,126,0,824,False,
2,2025-09-14,182,195,0,895,False,
2,2025-09-13,182,191,0,829,False,
2,2025-09-12,218,207,0,858,False,
2,2025-09-11,51,117,0,881,False,
2,2025-09-10,0,40,0,833,False,
2,2025-09-09,0,60,0,828,False,
2,2025-09-08,229,184,0,804,False,
2,2025-09-07,0,65,0,799,False,
2,2025-09-06,27,119,0,792,False,
2,2025-09-05,151,174,0,842,False,
2,2025-09-04,217,187,0,819,False,
2,2025-09-03,0,44,0,828,False,
2,2025-09-02,0,107,0,839,False,
2,2025-09-01,88,164,0,890,False,
2,2025-08-31,0,91,0,838,False,
2,2025-08-30,204,188,0,830,False,
2,2025-08-29,0,86,0,854,False,
2,2025-08-28,192,159,0,843,False,
2,2025-08-27,0,108,0,832,False,
2,2025-08-26,27,110,0,823,False,
2,2025-08-25,5,120,0,802,False,
2,2025-08-24,204,198,0,803,False,
2,2025-08-23,138,149,0,754,False,
2,2025-08-22,0,82,0,827,False,
3,2025-09-21,0,2358,0,18840,False,
3,2025-09-20,3782,3941,0,18803,False,
3,2025-09-19,1670,3123,0,18891,False,
3,2025-09-18,1044,2751,0,18499,False,
3,2025-09-17,0,1597,0,18841,False,
3,2025-09-16,1668,3068,0,18631,False,
3,2025-09-15,0,1900,0,18792,False,
3,2025-09-14,0,1721,0,18619,False,
3,2025-09-13,2103,3312,0,18814,False,
3,2025-09-12,522,2569,0,18548,False,
3,2025-09-11,0,1700,0,18671,False,
3,2025-09-10,839,2785,0,18764,False,
3,2025-09-09,2196,3284,0,18721,False,
3,2025-09-08,3933,4003,0,18776,False,
3,2025-09-07,4471,4358,0,18646,False,
3,2025-09-06,2741,3655,0,18671,False,
3,2025-09-05,4135,4182,0,18910,False,
3,2025-09-04,351,2445,0,18733,False,
3,2025-09-03,1873,3241,0,18685,False,
3,2025-09-02,0,1668,0,18674,False,
3,2025-09-01,0,2327,0,18696,False,
3,2025-08-31,1414,2914,0,18660,False,
3,2025-08-30,1108,2779,0,18509,False,
3,2025-08-29,4087,4088,0,18851,False,
3,2025-08-28,0,1564,0,18743,False,
3,2025-08-27,0,1091,0,18612,False,
3,2025-08-26,1235,2892,0,18961,False,
3,2025-08-25,2244,3374,0,18730,False,
3,2025-08-24,0,1283,0,18622,False,
3,2025-08-23,4317,4213,0,18667,False,
3,2025-08-22,216,2457,0,18627,False,
4,2025-09-21,13877,14074,0,62325,False,
4,2025-09-20,15351,14798,0,62857,False,
4,2025-09-19,14244,14200,0,62241,False,
4,2025-09-18,19920,16757,0,62486,False,
4,2025-09-17,5248,10323,0,62631,False,
4,2025-09-16,15527,14689,0,62529,False,
4,2025-09-15,14337,14287,0,62692,False,
4,2025-09-14,11628,13193,0,62073,False,
4,2025-09-13,10119,12276,0,62581,False,
4,2025-09-12,13210,13702,0,62374,False,
4,2025-09-11,23651,18547,0,62384,False,
4,2025-09-10,22181,17729,0,62392,False,
4,2025-09-09,19546,16553,0,62907,False,
4,2025-09-08,10239,12263,0,62537,False,
4,2025-09-07,25921,19713,0,62210,False,
4,2025-09-06,26874,19870,0,62278,False,
4,2025-09-05,11538,13238,0,62322,False,
4,2025-09-04,11360,12698,0,62639,False,
4,2025-09-03,24328,18742,0,62516,False,
4,2025-09-02,3123,9066,0,62547,False,
4,2025-09-01,5925,10617,0,61968,False,
4,2025-08-31,17413,15648,0,62180,False,
4,2025-08-30,12818,13522,0,62797,False,
4,2025-08-29,14937,14584,0,62140,False,
4,2025-08-28,21325,17328,0,62179,False,
4,2025-08-27,17174,15370,0,62364,False,
4,2025-08-26,11452,12742,0,62392,False,
4,2025-08-25,27688,20331,0,62634,False,
4,2025-08-24,356,8015,0,62911,False,
4,2025-08-23,23619,18606,0,62762,False,
4,2025-08-22,15050,14482,0,62373,False,
5,2025-09-21,5976,4603,0,15320,False,
5,2025-09-20,3659,3565,0,15144,False,
5,2025-09-19,1426,2620,0,15277,False,
5,2025-09-18,1284,2510,0,15299,False,
5,2025-09-17,2349,2942,0,15467,False,
5,2025-09-16,430,2094,0,10269,False,
5,2025-09-15,0,1918,0,15269,False,
5,2025-09-14,7148,5038,0,14204,False,
5,2025-09-13,326,2113,0,15210,False,
5,2025-09-12,151,1985,0,14446,False,
5,2025-09-11,4983,4190,0,15682,False,
5,2025-09-10,2472,2999,0,15418,False,
5,2025-09-09,419,2138,0,15479,False,
5,2025-09-08,4672,4012,0,15225,False,
5,2025-09-07,5416,4237,0,15363,False,
5,2025-09-06,6081,4597,0,15549,False,
5,2025-09-05,4987,4150,0,15283,False,
5,2025-09-04,674,2221,0,15393,False,
5,2025-09-03,4839,4168,0,15587,False,
5,2025-09-02,7766,5401,0,14052,False,
5,2025-09-01,8048,5543,0,10765,False,
5,2025-08-31,1452,2494,0,13336,False,
5,2025-08-30,5498,4436,0,14085,False,
5,2025-08-29,4387,3899,0,13220,False,
5,2025-08-28,2336,2967,0,15514,False,
5,2025-08-27,8513,5777,0,15181,False,
5,2025-08-26,6535,4885,0,15252,False,
5,2025-08-25,2225,3031,0,15104,False,
5,2025-08-24,6638,5113,0,15362,False,
5,2025-08-23,190,1995,0,15376,False,
5,2025-08-22,3730,3616,0,15161,False,
6,2025-09-21,55,153,0,922,False,
6,2025-09-20,247,222,0,722,False,
6,2025-09-19,346,280,0,905,False,
6,2025-09-18,32,114,0,838,False,
6,2025-09-17,5,123,0,862,False,
6,2025-09-16,275,228,0,894,False,
6,2025-09-15,238,262,0,935,False,
6,2025-09-14,253,200,0,832,False,
6,2025-09-13,463,320,0,830,False,
6,2025-09-12,311,239,0,787,False,
6,2025-09-11,141,151,0,796,False,
6,2025-09-10,150,182,0,665,False,
6,2025-09-09,164,186,0,895,False,
6,2025-09-08,7,111,0,671,False,
6,2025-09-07,214,204,0,873,False,
6,2025-09-06,218,203,0,891,False,
6,2025-09-05,165,188,0,870,False,
6,2025-09-04,231,212,0,892,False,
6,2025-09-03,61,154,0,900,False,
6,2025-09-02,438,359,0,686,False,
6,2025-09-01,236,210,0,878,False,
6,2025-08-31,5,142,0,636,False,
6,2025-08-30,323,251,0,863,False,
6,2025-08-29,13,112,0,843,False,
6,2025-08-28,498,339,0,785,False,
6,2025-08-27,467,302,0,884,False,
6,2025-08-26,149,154,0,898,False,
6,2025-08-25,315,261,0,902,False,
6,2025-08-24,176,178,0,847,False,
6,2025-08-23,67,138,0,884,False,
6,2025-08-22,38,109,0,849,False,
7,2025-09-21,13873,10901,0,35822,False,
7,2025-09-20,17190,12431,0,36371,False,
7,2025-09-19,18665,13190,0,36326,False,
7,2025-09-18,2999,5844,0,36193,False,
7,2025-09-17,1186,5023,0,34958,False,
7,2025-09-16,5432,7032,0,36129,False,
7,2025-09-15,12818,10495,0,36174,False,
7,2025-09-14,14582,10974,0,35940,False,
7,2025-09-13,5819,6999,0,36446,False,
7,2025-09-12,17660,12594,0,36051,False,
7,2025-09-11,2086,5367,0,35969,False,
7,2025-09-10,5931,7219,0,31214,False,
7,2025-09-09,15787,11504,0,36224,False,
7,2025-09-08,15276,11430,0,36245,False,
7,2025-09-07,12570,10111,0,36463,False,
7,2025-09-06,5673,7167,0,36295,False,
7,2025-09-05,2838,5781,0,36015,False,
7,2025-09-04,12432,10273,0,24824,False,
7,2025-09-03,19274,13277,0,36129,False,
7,2025-09-02,13776,10761,0,36293,False,
7,2025-09-01,393,4721,0,35744,False,
7,2025-08-31,18780,13088,0,36460,False,
7,2025-08-30,19225,13133,0,36072,False,
7,2025-08-29,6663,7421,0,36124,False,
7,2025-08-28,12846,10508,0,36186,False,
7,2025-08-27,5290,6829,0,36489,False,
7,2025-08-26,12492,9983,0,36172,False,
7,2025-08-25,9928,8956,0,36141,False,
7,2025-08-24,4781,6867,0,36240,False,
7,2025-08-23,14610,11315,0,36273,False,
7,2025-08-22,3199,5996,0,36650,False,
8,2025-09-21,777,2269,0,15130,False,
8,2025-09-20,1396,2577,0,15070,False,
8,2025-09-19,5600,4394,0,15515,False,
8,2025-09-18,5262,4355,0,15282,False,
8,2025-09-17,1140,2406,0,15261,False,
8,2025-09-16,7812,5577,0,15164,False,
8,2025-09-15,4726,4063,0,15171,False,
8,2025-09-14,87,1968,0,15303,False,
8,2025-09-13,3025,3220,0,15090,False,
8,2025-09-12,1403,2443,0,15196,False,
8,2025-09-11,5316,4271,0,13934,False,
8,2025-09-10,1896,2835,0,15104,False,
8,2025-09-09,7567,5355,0,14911,False,
8,2025-09-08,4054,3664,0,15255,False,
8,2025-09-07,2107,2959,0,15449,False,
8,2025-09-06,3413,3474,0,15009,False,
8,2025-09-05,157,1982,0,15370,False,
8,2025-09-04,2507,2980,0,15222,False,
8,2025-09-03,2761,3159,0,15245,False,
8,2025-09-02,3121,3313,0,15196,False,
8,2025-09-01,2993,3216,0,15330,False,
8,2025-08-31,7825,5349,0,15455,False,
8,2025-08-30,1821,2692,0,15051,False,
8,2025-08-29,5870,4513,0,15125,False,
8,2025-08-28,5980,4576,0,15131,False,
8,2025-08-27,7397,5263,0,15095,False,
8,2025-08-26,2247,2937,0,15324,False,
8,2025-08-25,1486,2638,0,15294,False,
8,2025-08-24,5757,4538,0,15152,False,
8,2025-08-23,3000,3296,0,15113,False,
8,2025-08-22,1366,2475,0,15118,False,
9,2025-09-21,999,957,0,4138,False,
9,2025-09-20,589,756,0,4122,False,
9,2025-09-19,531,785,0,4202,False,
9,2025-09-18,2186,1498,0,4169,False,
9,2025-09-17,391,738,0,3120,False,
9,2025-09-16,574,791,0,4156,False,
9,2025-09-15,2081,1412,0,4110,False,
9,2025-09-14,1274,1076,0,4114,False,
9,2025-09-13,482,792,0,4162,False,
9,2025-09-12,929,952,0,4058,False,
9,2025-09-11,2010,1357,0,4038,False,
9,2025-09-10,1813,1312,0,4065,False,
9,2025-09-09,487,799,0,4122,False,
9,2025-09-08,2070,1417,0,4222,False,
9,2025-09-07,1216,1038,0,4178,False,
9,2025-09-06,167,595,0,4165,False,
9,2025-09-05,1818,1341,0,4087,False,
9,2025-09-04,1455,1226,0,3275,False,
9,2025-09-03,398,732,0,4045,False,
9,2025-09-02,1237,1026,0,4005,False,
9,2025-09-01,42,512,0,4174,False,
9,2025-08-31,1183,1093,0,4053,False,
9,2025-08-30,924,912,0,4152,False,
9,2025-08-29,1098,985,0,2820,False,
9,2025-08-28,1362,1129,0,4153,False,
9,2025-08-27,833,856,0,4168,False,
9,2025-08-26,940,964,0,4076,False,
9,2025-08-25,1000,990,0,4053,False,
9,2025-08-24,1544,1161,0,4124,False,
9,2025-08-23,1274,1108,0,4153,False,
9,2025-08-22,1902,1357,0,4114,False,
10,2025-09-21,2050,3327,0,19694,False,
10,2025-09-20,2446,3646,0,19627,False,
10,2025-09-19,4707,4596,0,19822,False,
10,2025-09-18,5097,4714,0,19719,False,
10,2025-09-17,1830,3202,0,19967,False,
10,2025-09-16,1447,3100,0,19726,False,
10,2025-09-15,7034,5628,0,19769,False,
10,2025-09-14,4779,4671,0,19743,False,
10,2025-09-13,4641,4403,0,19632,False,
10,2025-09-12,7684,5934,0,20092,False,
10,2025-09-11,7940,5926,0,19681,False,
10,2025-09-10,2039,3455,0,19797,False,
10,2025-09-09,3055,3859,0,19783,False,
10,2025-09-08,0,2492,0,19744,False,
10,2025-09-07,3924,4232,0,19686,False,
10,2025-09-06,109,2451,0,19676,False,
10,2025-09-05,2147,3506,0,19703,False,
10,2025-09-04,1054,2943,0,20035,False,
10,2025-09-03,992,2885,0,19863,False,
10,2025-09-02,6078,5090,0,19922,False,
10,2025-09-01,4548,4566,0,19757,False,
10,2025-08-31,7560,5850,0,19700,False,
10,2025-08-30,6255,5334,0,19995,False,
10,2025-08-29,5193,4701,0,19654,False,
10,2025-08-28,2421,3731,0,19814,False,
10,2025-08-27,7625,5869,0,19852,False,
10,2025-08-26,6221,5374,0,19768,False,
10,2025-08-25,3915,4235,0,19584,False,
10,2025-08-24,464,2676,0,19811,False,
10,2025-08-23,5010,4742,0,19917,False,
10,2025-08-22,2391,3536,0,19740,False,
11,2025-09-21,8810,8655,0,36491,False,
11,2025-09-20,10769,9336,0,36501,False,
11,2025-09-19,3088,5956,0,36731,False,
11,2025-09-18,2822,5831,0,36741,False,
11,2025-09-17,0,3733,0,36729,False,
11,2025-09-16,4161,6445,0,36765,False,
11,2025-09-15,13478,10785,0,36601,False,
11,2025-09-14,8907,8394,0,36522,False,
11,2025-09-13,0,2081,0,36524,False,
11,2025-09-12,6973,7953,0,36642,False,
11,2025-09-11,6956,7802,0,36411,False,
11,2025-09-10,652,4820,0,36617,False,
11,2025-09-09,0,3629,0,36863,False,
11,2025-09-08,0,4255,0,36777,False,
11,2025-09-07,9680,9059,0,36864,False,
11,2025-09-06,0,1951,0,36347,False,
11,2025-09-05,7119,7759,0,36635,False,
11,2025-09-04,10290,9186,0,36837,False,
11,2025-09-03,2704,5914,0,36454,False,
11,2025-09-02,1911,5366,0,36492,False,
11,2025-09-01,2516,5760,0,36525,False,
11,2025-08-31,4954,6746,0,36468,False,
11,2025-08-30,4086,6459,0,36665,False,
11,2025-08-29,7076,7797,0,36943,False,
11,2025-08-28,0,3804,0,36797,False,
11,2025-08-27,9305,8863,0,36443,False,
11,2025-08-26,8325,8269,0,36667,False,
11,2025-08-25,10899,9413,0,36957,False,
11,2025-08-24,11618,10005,0,36889,False,
11,2025-08-23,9361,8923,0,36759,False,
11,2025-08-22,6105,7299,0,36712,False,
12,2025-09-21,255,2566,0,19875,False,
12,2025-09-20,1074,3018,0,19884,False,
12,2025-09-19,0,1628,0,20155,False,
12,2025-09-18,6223,5369,0,19625,False,
12,2025-09-17,0,1069,0,20115,False,
12,2025-09-16,7072,5629,0,20271,False,
12,2025-09-15,0,1802,0,20019,False,
12,2025-09-14,215,2647,0,20031,False,
12,2025-09-13,6563,5350,0,19944,False,
12,2025-09-12,2997,3793,0,20094,False,
12,2025-09-11,6826,5517,0,20140,False,
12,2025-09-10,6477,5233,0,19980,False,
12,2025-09-09,7179,5609,0,20120,False,
12,2025-09-08,7628,5892,0,19983,False,
12,2025-09-07,2080,3347,0,19937,False,
12,2025-09-06,3999,4260,0,20239,False,
12,2025-09-05,0,1519,0,20215,False,
12,2025-09-04,3166,3922,0,20018,False,
12,2025-09-03,6692,5399,0,20091,False,
12,2025-09-02,0,1939,0,20298,False,
12,2025-09-01,5980,5171,0,19878,False,
12,2025-08-31,0,2334,0,20031,False,
12,2025-08-30,961,2873,0,20173,False,
12,2025-08-29,7671,5928,0,20009,False,
12,2025-08-28,2919,3792,0,20205,False,
12,2025-08-27,778,2844,0,20099,False,
12,2025-08-26,1787,3296,0,19934,False,
12,2025-08-25,0,2391,0,20247,False,
12,2025-08-24,3682,4021,0,20025,False,
12,2025-08-23,561,2688,0,20299,False,
12,2025-08-22,5667,5028,0,20226,False,
13,2025-09-21,10379,10222,0,43676,False,
13,2025-09-20,13312,11405,0,43568,False,
13,2025-09-19,15158,12294,0,43493,False,
13,2025-09-18,0,5422,0,43418,False,
13,2025-09-17,15920,12730,0,30716,False,
13,2025-09-16,16803,13115,0,43543,False,
13,2025-09-15,12244,10945,0,43408,False,
13,2025-09-14,10384,10047,0,36116,False,
13,2025-09-13,13922,11646,0,43434,False,
13,2025-09-12,9413,9547,0,43650,False,
13,2025-09-11,6333,8235,0,43512,False,
13,2025-09-10,11041,10603,0,40455,False,
13,2025-09-09,2382,6543,0,43214,False,
13,2025-09-08,18505,13987,0,43686,False,
13,2025-09-07,22007,15883,0,44120,False,
13,2025-09-06,7910,9088,0,43391,False,
13,2025-09-05,3414,7049,0,43627,False,
13,2025-09-04,13322,11495,0,43772,False,
13,2025-09-03,3914,7080,0,43606,False,
13,2025-09-02,15181,12255,0,40364,False,
13,2025-09-01,24048,16114,0,43185,False,
13,2025-08-31,511,5547,0,43656,False,
13,2025-08-30,15354,12412,0,43393,False,
13,2025-08-29,14470,12391,0,43273,False,
13,2025-08-28,22779,15812,0,43730,False,
13,2025-08-27,15883,12594,0,43700,False,
13,2025-08-26,21664,15101,0,43549,False,
13,2025-08-25,22897,16013,0,43498,False,
13,2025-08-24,21822,15160,0,43549,False,
13,2025-08-23,16185,12883,0,41833,False,
13,2025-08-22,21789,15201,0,43438,False,
14,2025-09-21,13265,14282,0,67473,False,
14,2025-09-20,4472,10580,0,67130,False,
14,2025-09-19,34761,24040,0,67401,False,
14,2025-09-18,17990,16566,0,67055,False,
14,2025-09-17,36841,24774,0,67349,False,
14,2025-09-16,28217,21056,0,67542,False,
14,2025-09-15,28644,21372,0,67220,False,
14,2025-09-14,28255,21242,0,67550,False,
14,2025-09-13,11864,13758,0,64687,False,
14,2025-09-12,774,8572,0,67311,False,
14,2025-09-11,24761,19620,0,67422,False,
14,2025-09-10,19115,17034,0,67663,False,
14,2025-09-09,29187,21323,0,67578,False,
14,2025-09-08,28532,21202,0,67228,False,
14,2025-09-07,26226,20300,0,67577,False,
14,2025-09-06,17384,16027,0,46276,False,
14,2025-09-05,35954,24700,0,48195,False,
14,2025-09-04,35244,24340,0,60415,False,
14,2025-09-03,22594,18399,0,67056,False,
14,2025-09-02,29308,21363,0,66825,False,
14,2025-09-01,34617,24172,0,67952,False,
14,2025-08-31,22993,18710,0,67094,False,
14,2025-08-30,32854,23240,0,45683,False,
14,2025-08-29,37590,25331,0,65137,False,
14,2025-08-28,24256,19557,0,56386,False,
14,2025-08-27,12387,13991,0,67539,False,
14,2025-08-26,4473,10301,0,67632,False,
14,2025-08-25,35782,24342,0,67278,False,
14,2025-08-24,36538,24977,0,67871,False,
14,2025-08-23,32516,23091,0,67387,False,
14,2025-08-22,4962,10601,0,67544,False,
15,2025-09-21,153,300,0,1731,False,
15,2025-09-20,0,181,0,1619,False,
15,2025-09-19,150,229,0,1661,False,
15,2025-09-18,0,145,0,1721,False,
15,2025-09-17,11,216,0,1639,False,
15,2025-09-16,381,403,0,1659,False,
15,2025-09-15,0,128,0,1659,False,
15,2025-09-14,42,224,0,1586,False,
15,2025-09-13,0,175,0,1715,False,
15,2025-09-12,231,333,0,1613,False,
15,2025-09-11,195,338,0,1671,False,
15,2025-09-10,176,297,0,1809,False,
15,2025-09-09,0,120,0,1683,False,
15,2025-09-08,164,306,0,1700,False,
15,2025-09-07,9,194,0,1705,False,
15,2025-09-06,0,152,0,1716,False,
15,2025-09-05,101,273,0,1731,False,
15,2025-09-04,0,137,0,1700,False,
15,2025-09-03,0,155,0,1753,False,
15,2025-09-02,0,138,0,1706,False,
15,2025-09-01,0,107,0,1675,False,
15,2025-08-31,159,296,0,1658,False,
15,2025-08-30,180,308,0,1735,False,
15,2025-08-29,393,418,0,1712,False,
15,2025-08-28,0,196,0,1660,False,
15,2025-08-27,0,195,0,1769,False,
15,2025-08-26,366,336,0,1698,False,
15,2025-08-25,0,176,0,1692,False,
15,2025-08-24,0,145,0,1608,False,
15,2025-08-23,9,237,0,1671,False,
15,2025-08-22,75,258,0,1735,False,
16,2025-09-21,0,98,0,1931,False,
16,2025-09-20,509,434,0,1791,False,
16,2025-09-19,0,96,0,1866,False,
16,2025-09-18,193,358,0,1687,False,
16,2025-09-17,88,254,0,1860,False,
16,2025-09-16,0,216,0,1749,False,
16,2025-09-15,394,432,0,1711,False,
16,2025-09-14,205,328,0,1729,False,
16,2025-09-13,0,122,0,1792,False,
16,2025-09-12,62,251,0,1857,False,
16,2025-09-11,466,427,0,1777,False,
16,2025-09-10,422,460,0,1846,False,
16,2025-09-09,410,399,0,1735,False,
16,2025-09-08,0,145,0,1881,False,
16,2025-09-07,0,112,0,1773,False,
16,2025-09-06,258,357,0,1843,False,
16,2025-09-05,0,180,0,1786,False,
16,2025-09-04,0,170,0,1776,False,
16,2025-09-03,106,269,0,1847,False,
16,2025-09-02,459,421,0,1794,False,
16,2025-09-01,458,452,0,1820,False,
16,2025-08-31,377,411,0,1738,False,
16,2025-08-30,485,442,0,1792,False,
16,2025-08-29,367,391,0,1757,False,
16,2025-08-28,484,411,0,1732,False,
16,2025-08-27,0,142,0,1818,False,
16,2025-08-26,0,213,0,1854,False,
16,2025-08-25,54,255,0,1841,False,
16,2025-08-24,0,109,0,1759,False,
16,2025-08-23,9,229,0,1746,False,
16,2025-08-22,226,316,0,1810,False,
17,2025-09-21,10,74,0,690,False,
17,2025-09-20,0,74,0,646,False,
17,2025-09-19,0,43,0,696,False,
17,2025-09-18,0,71,0,653,False,
17,2025-09-17,164,170,0,689,False,
17,2025-09-16,0,60,0,647,False,
17,2025-09-15,0,73,0,696,False,
17,2025-09-14,0,67,0,649,False,
17,2025-09-13,0,78,0,643,False,
17,2025-09-12,114,116,0,645,False,
17,2025-09-11,0,58,0,719,False,
17,2025-09-10,128,142,0,652,False,
17,2025-09-09,0,30,0,606,False,
17,2025-09-08,166,153,0,651,False,
17,2025-09-07,27,101,0,679,False,
17,2025-09-06,0,59,0,644,False,
17,2025-09-05,84,110,0,679,False,
17,2025-09-04,0,56,0,677,False,
17,2025-09-03,0,42,0,648,False,
17,2025-09-02,44,101,0,692,False,
17,2025-09-01,0,78,0,639,False,
17,2025-08-31,102,140,0,652,False,
17,2025-08-30,155,175,0,689,False,
17,2025-08-29,150,149,0,683,False,
17,2025-08-28,0,40,0,645,False,
17,2025-08-27,21,92,0,653,False,
17,2025-08-26,59,119,0,699,False,
17,2025-08-25,0,88,0,608,False,
17,2025-08-24,139,113,0,700,False,
17,2025-08-23,101,136,0,738,False,
17,2025-08-22,60,118,0,643,False,
18,2025-09-21,0,90,0,1161,False,
18,2025-09-20,0,108,0,1253,False,
18,2025-09-19,0,150,0,1153,False,
18,2025-09-18,0,82,0,1238,False,
18,2025-09-17,0,66,0,1279,False,
18,2025-09-16,48,172,0,1133,False,
18,2025-09-15,195,246,0,1195,False,
18,2025-09-14,55,164,0,1186,False,
18,2025-09-13,156,218,0,1207,False,
18,2025-09-12,184,238,0,1171,False,
18,2025-09-11,62,193,0,1200,False,
18,2025-09-10,0,65,0,1195,False,
18,2025-09-09,183,251,0,1154,False,
18,2025-09-08,56,168,0,1180,False,
18,2025-09-07,0,94,0,1141,False,
18,2025-09-06,0,132,0,1210,False,
18,2025-09-05,0,107,0,1179,False,
18,2025-09-04,230,271,0,1168,False,
18,2025-09-03,37,169,0,1208,False,
18,2025-09-02,0,91,0,1199,False,
18,2025-09-01,116,196,0,1176,False,
18,2025-08-31,259,222,0,1197,False,
18,2025-08-30,0,112,0,1235,False,
18,2025-08-29,263,263,0,1200,False,
18,2025-08-28,68,175,0,1183,False,
18,2025-08-27,0,83,0,1192,False,
18,2025-08-26,0,128,0,1156,False,
18,2025-08-25,0,111,0,1115,False,
18,2025-08-24,45,179,0,1203,False,
18,2025-08-23,0,74,0,1180,False,
18,2025-08-22,225,260,0,1152,False,
19,2025-09-21,6681,6182,0,25483,False,
19,2025-09-20,1720,3858,0,25066,False,
19,2025-09-19,7817,6846,0,25088,False,
19,2025-09-18,3161,4559,0,25109,False,
19,2025-09-17,8993,7226,0,25352,False,
19,2025-09-16,4457,5135,0,25324,False,
19,2025-09-15,7537,6521,0,25102,False,
19,2025-09-14,3870,4994,0,25354,False,
19,2025-09-13,3030,4446,0,24924,False,
19,2025-09-12,9871,7494,0,24928,False,
19,2025-09-11,10720,7985,0,25427,False,
19,2025-09-10,5656,5717,0,24989,False,
19,2025-09-09,6482,6040,0,25328,False,
19,2025-09-08,6337,6041,0,25109,False,
19,2025-09-07,6245,5836,0,25341,False,
19,2025-09-06,8532,6933,0,25095,False,
19,2025-09-05,10487,7836,0,25322,False,
19,2025-09-04,6457,6001,0,25190,False,
19,2025-09-03,6781,6314,0,25194,False,
19,2025-09-02,1959,4060,0,25206,False,
19,2025-09-01,8843,7079,0,25222,False,
19,2025-08-31,10693,8042,0,25181,False,
19,2025-08-30,1204,3773,0,24880,False,
19,2025-08-29,5767,5602,0,25353,False,
19,2025-08-28,5051,5299,0,25304,False,
19,2025-08-27,2902,4608,0,25298,False,
19,2025-08-26,9537,7462,0,24975,False,
19,2025-08-25,3655,4764,0,25351,False,
19,2025-08-24,5049,5350,0,25410,False,
19,2025-08-23,8568,6936,0,25381,False,
19,2025-08-22,5756,5853,0,25190,False,
20,2025-09-21,4393,4017,0,12851,False,
20,2025-09-20,3096,3447,0,16662,False,
20,2025-09-19,1373,2637,0,16592,False,
20,2025-09-18,6169,4702,0,16623,False,
20,2025-09-17,6512,5004,0,16529,False,
20,2025-09-16,7658,5548,0,16744,False,
20,2025-09-15,637,2340,0,16514,False,
20,2025-09-14,8507,5913,0,16607,False,
20,2025-09-13,4265,3980,0,13295,False,
20,2025-09-12,5997,4719,0,16610,False,
20,2025-09-11,3873,3854,0,16829,False,
20,2025-09-10,5300,4430,0,16596,False,
20,2025-09-09,1746,2828,0,16484,False,
20,2025-09-08,5909,4750,0,16582,False,
20,2025-09-07,3261,3684,0,16512,False,
20,2025-09-06,2852,3360,0,16291,False,
20,2025-09-05,9224,6303,0,16681,False,
20,2025-09-04,4492,4108,0,16581,False,
20,2025-09-03,3558,3618,0,16747,False,
20,2025-09-02,6289,4938,0,16785,False,
20,2025-09-01,3853,3723,0,16722,False,
20,2025-08-31,2031,3008,0,16483,False,
20,2025-08-30,9052,6219,0,16884,False,
20,2025-08-29,3435,3678,0,16636,False,
20,2025-08-28,7367,5448,0,16711,False,
20,2025-08-27,8095,5767,0,16561,False,
20,2025-08-26,6791,5180,0,11122,False,
20,2025-08-25,2183,3125,0,16792,False,
20,2025-08-24,5694,4698,0,16571,False,
20,2025-08-23,1583,2734,0,14862,False,
20,2025-08-22,8226,5792,0,16880,False,
21,2025-09-21,10282,9804,0,33325,False,
21,2025-09-20,0,5297,0,41318,False,
21,2025-09-19,14643,11708,0,35484,False,
21,2025-09-18,21552,14842,0,41261,False,
21,2025-09-17,14878,12016,0,40669,False,
21,2025-09-16,2068,6036,0,41554,False,
21,2025-09-15,2023,6042,0,40945,False,
21,2025-09-14,5039,7496,0,40859,False,
21,2025-09-13,20104,14316,0,41352,False,
21,2025-09-12,4245,7070,0,41142,False,
21,2025-09-11,10421,9843,0,41414,False,
21,2025-09-10,11118,10036,0,41195,False,
21,2025-09-09,9755,9484,0,40842,False,
21,2025-09-08,3445,6761,0,41141,False,
21,2025-09-07,22635,15384,0,41052,False,
21,2025-09-06,19702,14180,0,33289,False,
21,2025-09-05,462,5373,0,41438,False,
21,2025-09-04,9245,9271,0,41061,False,
21,2025-09-03,14619,11540,0,32775,False,
21,2025-09-02,8649,8895,0,41173,False,
21,2025-09-01,18773,13712,0,41076,False,
21,2025-08-31,1208,5573,0,34485,False,
21,2025-08-30,10318,9610,0,41265,False,
21,2025-08-29,1972,6099,0,34389,False,
21,2025-08-28,4367,6946,0,41141,False,
21,2025-08-27,21386,14929,0,41100,False,
21,2025-08-26,14349,11506,0,41227,False,
21,2025-08-25,21993,15127,0,41331,False,
21,2025-08-24,9381,9375,0,41035,False,
21,2025-08-23,18152,13386,0,41105,False,
21,2025-08-22,12800,10690,0,41039,False,
22,2025-09-21,15,54,0,366,False,
22,2025-09-20,99,87,0,368,False,
22,2025-09-19,0,27,0,332,False,
22,2025-09-18,75,79,0,343,False,
22,2025-09-17,7,43,0,329,False,
22,2025-09-16,40,54,0,411,False,
22,2025-09-15,0,24,0,353,False,
22,2025-09-14,45,79,0,358,False,
22,2025-09-13,0,37,0,378,False,
22,2025-09-12,0,30,0,366,False,
22,2025-09-11,53,73,0,361,False,
22,2025-09-10,76,81,0,379,False,
22,2025-09-09,0,36,0,371,False,
22,2025-09-08,20,64,0,414,False,
22,2025-09-07,79,74,0,370,False,
22,2025-09-06,93,70,0,355,False,
22,2025-09-05,0,17,0,351,False,
22,2025-09-04,0,21,0,373,False,
22,2025-09-03,18,55,0,364,False,
22,2025-09-02,57,76,0,356,False,
22,2025-09-01,45,61,0,387,False,
22,2025-08-31,95,104,0,373,False,
22,2025-08-30,0,46,0,357,False,
22,2025-08-29,59,72,0,374,False,
22,2025-08-28,63,86,0,369,False,
22,2025-08-27,34,65,0,336,False,
22,2025-08-26,54,66,0,405,False,
22,2025-08-25,0,35,0,378,False,
22,2025-08-24,0,42,0,336,False,
22,2025-08-23,80,77,0,366,False,
22,2025-08-22,43,66,0,359,False,
23,2025-09-21,11840,10705,0,43131,False,
23,2025-09-20,8785,9342,0,42856,False,
23,2025-09-19,1957,6238,0,43216,False,
23,2025-09-18,489,5702,0,43260,False,
23,2025-09-17,0,5179,0,43277,False,
23,2025-09-16,9607,9883,0,43092,False,
23,2025-09-15,0,2349,0,43169,False,
23,2025-09-14,14850,12249,0,43417,False,
23,2025-09-13,0,2955,0,43212,False,
23,2025-09-12,6275,8549,0,43336,False,
23,2025-09-11,946,5841,0,43310,False,
23,2025-09-10,3648,7135,0,42699,False,
23,2025-09-09,15719,12436,0,43514,False,
23,2025-09-08,0,4230,0,43252,False,
23,2025-09-07,2851,6817,0,43121,False,
23,2025-09-06,13966,11376,0,43444,False,
23,2025-09-05,6070,8172,0,43222,False,
23,2025-09-04,0,4576,0,43119,False,
23,2025-09-03,1235,5997,0,43143,False,
23,2025-09-02,4045,7283,0,43370,False,
23,2025-09-01,10669,10250,0,43007,False,
23,2025-08-31,11817,10881,0,43188,False,
23,2025-08-30,0,4687,0,43059,False,
23,2025-08-29,0,5227,0,43359,False,
23,2025-08-28,3912,7046,0,43428,False,
23,2025-08-27,6812,8317,0,43034,False,
23,2025-08-26,0,2616,0,43558,False,
23,2025-08-25,12282,11086,0,43442,False,
23,2025-08-24,13956,11846,0,43215,False,
23,2025-08-23,5393,7710,0,43457,False,
23,2025-08-22,0,5351,0,43103,False,
24,2025-09-21,1749,3416,0,20809,False,
24,2025-09-20,2379,3666,0,20981,False,
24,2025-09-19,0,1817,0,20853,False,
24,2025-09-18,3199,4016,0,20981,False,
24,2025-09-17,7932,6387,0,21049,False,
24,2025-09-16,3189,4085,0,21134,False,
24,2025-09-15,0,1330,0,21130,False,
24,2025-09-14,4176,4574,0,21219,False,
24,2025-09-13,4848,4869,0,21254,False,
24,2025-09-12,0,2444,0,20929,False,
24,2025-09-11,2876,3918,0,21010,False,
24,2025-09-10,2667,3870,0,21195,False,
24,2025-09-09,4509,4584,0,20978,False,
24,2025-09-08,3660,4286,0,20940,False,
24,2025-09-07,3854,4405,0,20946,False,
24,2025-09-06,3979,4504,0,21295,False,
24,2025-09-05,0,1892,0,21008,False,
24,2025-09-04,0,1513,0,20690,False,
24,2025-09-03,0,1587,0,20791,False,
24,2025-09-02,246,2689,0,21207,False,
24,2025-09-01,0,1472,0,21004,False,
24,2025-08-31,0,1322,0,20959,False,
24,2025-08-30,2569,3801,0,21037,False,
24,2025-08-29,7437,6115,0,21142,False,
24,2025-08-28,1368,3264,0,20940,False,
24,2025-08-27,0,2260,0,20839,False,
24,2025-08-26,5860,5326,0,21014,False,
24,2025-08-25,0,1942,0,21039,False,
24,2025-08-24,3330,4254,0,21054,False,
24,2025-08-23,0,1243,0,21074,False,
24,2025-08-22,0,1886,0,20943,False,
25,2025-09-21,406,510,0,2278,False,
25,2025-09-20,398,414,0,2167,False,
25,2025-09-19,66,302,0,2284,False,
25,2025-09-18,0,133,0,2247,False,
25,2025-09-17,0,199,0,2286,False,
25,2025-09-16,384,490,0,2119,False,
25,2025-09-15,318,409,0,2177,False,
25,2025-09-14,176,344,0,2133,False,
25,2025-09-13,102,313,0,2173,False,
25,2025-09-12,0,245,0,2223,False,
25,2025-09-11,585,482,0,2283,False,
25,2025-09-10,88,312,0,2220,False,
25,2025-09-09,0,299,0,2228,False,
25,2025-09-08,440,477,0,2204,False,
25,2025-09-07,542,506,0,2252,False,
25,2025-09-06,0,108,0,2151,False,
25,2025-09-05,177,343,0,2213,False,
25,2025-09-04,277,391,0,2190,False,
25,2025-09-03,600,545,0,2250,False,
25,2025-09-02,61,339,0,2282,False,
25,2025-09-01,37,280,0,2247,False,
25,2025-08-31,0,255,0,2224,False,
25,2025-08-30,172,326,0,2186,False,
25,2025-08-29,576,461,0,2285,False,
25,2025-08-28,0,256,0,2210,False,
25,2025-08-27,0,215,0,2181,False,
25,2025-08-26,22,287,0,2150,False,
25,2025-08-25,0,242,0,2136,False,
25,2025-08-24,65,294,0,2206,False,
25,2025-08-23,495,481,0,2275,False,
25,2025-08-22,0,105,0,2203,False,
26,2025-09-21,10107,19464,0,119783,False,
26,2025-09-20,8672,18842,0,120403,False,
26,2025-09-19,34128,30098,0,119722,False,
26,2025-09-18,47374,36144,0,96908,False,
26,2025-09-17,14144,21462,0,120245,False,
26,2025-09-16,9215,19383,0,119728,False,
26,2025-09-15,42617,34258,0,119483,False,
26,2025-09-14,22827,25296,0,112830,False,
26,2025-09-13,52377,38747,0,119440,False,
26,2025-09-12,54476,40063,0,119940,False,
26,2025-09-11,60356,41650,0,119476,False,
26,2025-09-10,23090,25322,0,120403,False,
26,2025-09-09,61001,42494,0,119817,False,
26,2025-09-08,52047,38639,0,119995,False,
26,2025-09-07,4095,16981,0,119721,False,
26,2025-09-06,39021,32147,0,97847,False,
26,2025-09-05,1316,15637,0,120200,False,
26,2025-09-04,37401,31844,0,119686,False,
26,2025-09-03,35257,30434,0,120168,False,
26,2025-09-02,62314,43166,0,119823,False,
26,2025-09-01,12715,20688,0,120546,False,
26,2025-08-31,21965,24957,0,111767,False,
26,2025-08-30,42244,33847,0,119569,False,
26,2025-08-29,16867,22528,0,119834,False,
26,2025-08-28,39282,32660,0,119419,False,
26,2025-08-27,36886,31754,0,119566,False,
26,2025-08-26,56815,42396,0,119986,False,
26,2025-08-25,61008,42428,0,120096,False,
26,2025-08-24,26645,27045,0,120036,False,
26,2025-08-23,26538,26937,0,119989,False,
26,2025-08-22,14789,21556,0,119492,False,
27,2025-09-21,83,802,0,6060,False,
27,2025-09-20,2007,1675,0,6173,False,
27,2025-09-19,295,916,0,6088,False,
27,2025-09-18,1422,1368,0,6012,False,
27,2025-09-17,3056,2196,0,5945,False,
27,2025-09-16,2391,1742,0,5144,False,
27,2025-09-15,3046,2073,0,6029,False,
27,2025-09-14,2846,2076,0,5841,False,
27,2025-09-13,803,1129,0,6092,False,
27,2025-09-12,2938,2085,0,6205,False,
27,2025-09-11,552,1007,0,6060,False,
27,2025-09-10,62,802,0,6149,False,
27,2025-09-09,2981,2124,0,5963,False,
27,2025-09-08,461,1000,0,6016,False,
27,2025-09-07,2005,1711,0,4637,False,
27,2025-09-06,325,875,0,6076,False,
27,2025-09-05,2182,1759,0,5963,False,
27,2025-09-04,1209,1351,0,5961,False,
27,2025-09-03,458,1005,0,5992,False,
27,2025-09-02,406,960,0,6056,False,
27,2025-09-01,961,1200,0,6069,False,
27,2025-08-31,2352,1787,0,5907,False,
27,2025-08-30,36,790,0,6061,False,
27,2025-08-29,3332,2276,0,6032,False,
27,2025-08-28,2319,1845,0,6020,False,
27,2025-08-27,2393,1855,0,6133,False,
27,2025-08-26,658,1018,0,5435,False,
27,2025-08-25,1864,1609,0,6058,False,
27,2025-08-24,736,1083,0,6035,False,
27,2025-08-23,833,1125,0,4342,False,
27,2025-08-22,1984,1648,0,6037,False,
28,2025-09-21,11717,12085,0,54901,False,
28,2025-09-20,607,7095,0,54640,False,
28,2025-09-19,12827,12745,0,54977,False,
28,2025-09-18,1545,7658,0,54657,False,
28,2025-09-17,11201,12014,0,54997,False,
28,2025-09-16,8109,10588,0,54964,False,
28,2025-09-15,16907,14707,0,54480,False,
28,2025-09-14,23268,17199,0,54862,False,
28,2025-09-13,9794,11250,0,55142,False,
28,2025-09-12,23416,17525,0,54846,False,
28,2025-09-11,1582,7387,0,54805,False,
28,2025-09-10,1185,7406,0,54755,False,
28,2025-09-09,23532,17321,0,54760,False,
28,2025-09-08,6925,10050,0,54479,False,
28,2025-09-07,1255,7496,0,54535,False,
28,2025-09-06,3939,8599,0,55110,False,
28,2025-09-05,13775,13109,0,54450,False,
28,2025-09-04,3707,8590,0,55249,False,
28,2025-09-03,303,7050,0,54743,False,
28,2025-09-02,21002,16451,0,54618,False,
28,2025-09-01,11516,11836,0,54751,False,
28,2025-08-31,1516,7545,0,54396,False,
28,2025-08-30,16204,14311,0,54442,False,
28,2025-08-29,13274,12884,0,55037,False,
28,2025-08-28,1767,7676,0,54915,False,
28,2025-08-27,9622,10987,0,54769,False,
28,2025-08-26,7878,10261,0,54764,False,
28,2025-08-25,12731,12674,0,55101,False,
28,2025-08-24,11523,11949,0,54799,False,
28,2025-08-23,3338,8498,0,54901,False,
28,2025-08-22,7823,10447,0,54489,False,
29,2025-09-21,16,40,0,230,False,
29,2025-09-20,14,34,0,226,False,
29,2025-09-19,46,38,0,230,False,
29,2025-09-18,57,47,0,226,False,
29,2025-09-17,81,72,0,225,False,
29,2025-09-16,5,33,0,216,False,
29,2025-09-15,0,28,0,225,False,
29,2025-09-14,61,40,0,249,False,
29,2025-09-13,23,42,0,197,False,
29,2025-09-12,0,26,0,226,False,
29,2025-09-11,84,56,0,270,False,
29,2025-09-10,72,53,0,227,False,
29,2025-09-09,83,65,0,220,False,
29,2025-09-08,0,20,0,229,False,
29,2025-09-07,2,31,0,221,False,
29,2025-09-06,0,12,0,237,False,
29,2025-09-05,0,25,0,230,False,
29,2025-09-04,28,39,0,219,False,
29,2025-09-03,51,51,0,243,False,
29,2025-09-02,67,50,0,229,False,
29,2025-09-01,22,35,0,225,False,
29,2025-08-31,29,36,0,228,False,
29,2025-08-30,49,50,0,228,False,
29,2025-08-29,0,22,0,232,False,
29,2025-08-28,0,17,0,256,False,
29,2025-08-27,9,23,0,201,False,
29,2025-08-26,0,23,0,222,False,
29,2025-08-25,63,71,0,233,False,
29,2025-08-24,0,23,0,199,False,
29,2025-08-23,51,54,0,226,False,
29,2025-08-22,58,48,0,213,False,
30,2025-09-21,128,137,0,652,False,
30,2025-09-20,61,101,0,613,False,
30,2025-09-19,53,118,0,651,False,
30,2025-09-18,62,112,0,597,False,
30,2025-09-17,8,90,0,606,False,
30,2025-09-16,57,105,0,617,False,
30,2025-09-15,210,153,0,645,False,
30,2025-09-14,218,175,0,601,False,
30,2025-09-13,70,107,0,681,False,
30,2025-09-12,177,160,0,623,False,
30,2025-09-11,143,133,0,624,False,
30,2025-09-10,294,219,0,585,False,
30,2025-09-09,58,103,0,609,False,
30,2025-09-08,35,94,0,664,False,
30,2025-09-07,178,170,0,651,False,
30,2025-09-06,46,110,0,565,False,
30,2025-09-05,222,179,0,656,False,
30,2025-09-04,110,127,0,635,False,
30,2025-09-03,74,120,0,642,False,
30,2025-09-02,260,195,0,710,False,
30,2025-09-01,319,216,0,633,False,
30,2025-08-31,55,119,0,625,False,
30,2025-08-30,118,132,0,653,False,
30,2025-08-29,269,186,0,644,False,
30,2025-08-28,43,94,0,666,False,
30,2025-08-27,332,233,0,667,False,
30,2025-08-26,8,89,0,564,False,
30,2025-08-25,290,209,0,660,False,
30,2025-08-24,314,190,0,661,False,
30,2025-08-23,317,237,0,647,False,
30,2025-08-22,59,112,0,655,False,
31,2025-09-21,118,79,0,262,False,
31,2025-09-20,102,96,0,366,False,
31,2025-09-19,56,72,0,357,False,
31,2025-09-18,148,119,0,356,False,
31,2025-09-17,129,90,0,371,False,
31,2025-09-16,129,96,0,374,False,
31,2025-09-15,169,121,0,369,False,
31,2025-09-14,130,121,0,328,False,
31,2025-09-13,10,35,0,368,False,
31,2025-09-12,174,138,0,324,False,
31,2025-09-11,131,105,0,363,False,
31,2025-09-10,144,122,0,363,False,
31,2025-09-09,173,120,0,328,False,
31,2025-09-08,56,87,0,350,False,
31,2025-09-07,77,83,0,362,False,
31,2025-09-06,190,123,0,319,False,
31,2025-09-05,176,122,0,358,False,
31,2025-09-04,222,144,0,311,False,
31,2025-09-03,32,72,0,350,False,
31,2025-09-02,69,77,0,335,False,
31,2025-09-01,147,113,0,347,False,
31,2025-08-31,135,103,0,364,False,
31,2025-08-30,63,66,0,352,False,
31,2025-08-29,131,104,0,356,False,
31,2025-08-28,126,100,0,352,False,
31,2025-08-27,28,50,0,332,False,
31,2025-08-26,173,107,0,327,False,
31,2025-08-25,114,116,0,340,False,
31,2025-08-24,55,74,0,281,False,
31,2025-08-23,33,55,0,370,False,
31,2025-08-22,89,82,0,354,False,
32,2025-09-21,3924,3046,0,9836,False,
32,2025-09-20,1625,1952,0,10149,False,
32,2025-09-19,476,1471,0,10221,False,
32,2025-09-18,1916,2163,0,10120,False,
32,2025-09-17,700,1466,0,10144,False,
32,2025-09-16,3193,2610,0,10064,False,
32,2025-09-15,185,1344,0,10083,False,
32,2025-09-14,742,1544,0,9964,False,
32,2025-09-13,2563,2362,0,9975,False,
32,2025-09-12,4898,3461,0,10104,False,
32,2025-09-11,4111,3189,0,7956,False,
32,2025-09-10,1345,1851,0,10211,False,
32,2025-09-09,3422,2783,0,10066,False,
32,2025-09-08,4311,3094,0,9884,False,
32,2025-09-07,3012,2597,0,10010,False,
32,2025-09-06,5380,3593,0,10067,False,
32,2025-09-05,4516,3261,0,6747,False,
32,2025-09-04,2039,2162,0,7209,False,
32,2025-09-03,3870,2987,0,10077,False,
32,2025-09-02,4766,3450,0,10196,False,
32,2025-09-01,2557,2514,0,10036,False,
32,2025-08-31,3911,2925,0,9070,False,
32,2025-08-30,5065,3644,0,10083,False,
32,2025-08-29,1745,2072,0,10024,False,
32,2025-08-28,1807,2201,0,10048,False,
32,2025-08-27,4887,3376,0,10229,False,
32,2025-08-26,5598,3809,0,10069,False,
32,2025-08-25,2078,2191,0,9888,False,
32,2025-08-24,4463,3249,0,10133,False,
32,2025-08-23,4399,3063,0,10019,False,
32,2025-08-22,1754,2094,0,10122,False,
33,2025-09-21,2815,2252,0,7473,False,
33,2025-09-20,2827,2157,0,7378,False,
33,2025-09-19,1821,1779,0,7456,False,
33,2025-09-18,2887,2183,0,7214,False,
33,2025-09-17,3014,2318,0,7433,False,
33,2025-09-16,2981,2278,0,7258,False,
33,2025-09-15,901,1333,0,7217,False,
33,2025-09-14,544,1180,0,6049,False,
33,2025-09-13,917,1258,0,7383,False,
33,2025-09-12,2337,2034,0,7376,False,
33,2025-09-11,965,1328,0,7238,False,
33,2025-09-10,312,1020,0,7367,False,
33,2025-09-09,2263,1984,0,7495,False,
33,2025-09-08,1515,1591,0,7341,False,
33,2025-09-07,1896,1743,0,7420,False,
33,2025-09-06,2165,1826,0,5054,False,
33,2025-09-05,2761,2199,0,6028,False,
33,2025-09-04,559,1159,0,7329,False,
33,2025-09-03,1192,1423,0,4933,False,
33,2025-09-02,2801,2157,0,7300,False,
33,2025-09-01,2669,2146,0,7381,False,
33,2025-08-31,1871,1835,0,5117,False,
33,2025-08-30,2780,2159,0,7223,False,
33,2025-08-29,282,1029,0,7280,False,
33,2025-08-28,1200,1487,0,7369,False,
33,2025-08-27,2480,2002,0,7413,False,
33,2025-08-26,346,1045,0,7459,False,
33,2025-08-25,3295,2415,0,7279,False,
33,2025-08-24,886,1349,0,6633,False,
33,2025-08-23,511,1170,0,7340,False,
33,2025-08-22,572,1227,0,7268,False,
34,2025-09-21,48,41,0,158,False,
34,2025-09-20,57,41,0,157,False,
34,2025-09-19,72,57,0,169,False,
34,2025-09-18,66,45,0,177,False,
34,2025-09-17,51,46,0,161,False,
34,2025-09-16,21,20,0,167,False,
34,2025-09-15,62,37,0,159,False,
34,2025-09-14,53,35,0,157,False,
34,2025-09-13,9,23,0,169,False,
34,2025-09-12,70,46,0,155,False,
34,2025-09-11,33,35,0,159,False,
34,2025-09-10,63,43,0,152,False,
34,2025-09-09,48,40,0,175,False,
34,2025-09-08,5,24,0,149,False,
34,2025-09-07,36,33,0,155,False,
34,2025-09-06,68,56,0,117,False,
34,2025-09-05,20,20,0,164,False,
34,2025-09-04,34,37,0,161,False,
34,2025-09-03,81,45,0,149,False,
34,2025-09-02,33,35,0,158,False,
34,2025-09-01,86,49,0,152,False,
34,2025-08-31,54,45,0,166,False,
34,2025-08-30,18,33,0,169,False,
34,2025-08-29,61,47,0,164,False,
34,2025-08-28,77,52,0,178,False,
34,2025-08-27,82,55,0,189,False,
34,2025-08-26,37,31,0,161,False,
34,2025-08-25,14,37,0,165,False,
34,2025-08-24,24,38,0,176,False,
34,2025-08-23,54,51,0,165,False,
34,2025-08-22,73,43,0,146,False,
35,2025-09-21,9,10,0,45,False,
35,2025-09-20,0,3,0,30,False,
35,2025-09-19,3,1,0,40,False,
35,2025-09-18,0,2,0,39,False,
35,2025-09-17,0,4,0,27,False,
35,2025-09-16,0,5,0,33,False,
35,2025-09-15,0,2,0,38,False,
35,2025-09-14,12,8,0,37,False,
35,2025-09-13,10,8,0,37,False,
35,2025-09-12,12,8,0,23,False,
35,2025-09-11,0,5,0,42,False,
35,2025-09-10,7,9,0,41,False,
35,2025-09-09,12,10,0,32,False,
35,2025-09-08,0,4,0,52,False,
35,2025-09-07,5,13,0,37,False,
35,2025-09-06,0,1,0,25,False,
35,2025-09-05,7,10,0,31,False,
35,2025-09-04,8,7,0,36,False,
35,2025-09-03,4,5,0,36,False,
35,2025-09-02,11,8,0,40,False,
35,2025-09-01,0,3,0,44,False,
35,2025-08-31,10,8,0,39,False,
35,2025-08-30,9,11,0,41,False,
35,2025-08-29,0,3,0,40,False,
35,2025-08-28,12,9,0,37,False,
35,2025-08-27,1,7,0,32,False,
35,2025-08-26,15,11,0,37,False,
35,2025-08-25,5,6,0,34,False,
35,2025-08-24,6,6,0,28,False,
35,2025-08-23,13,14,0,39,False,
35,2025-08-22,0,4,0,36,False,
36,2025-09-21,172,164,0,775,False,
36,2025-09-20,0,78,0,732,False,
36,2025-09-19,157,165,0,754,False,
36,2025-09-18,0,44,0,732,False,
36,2025-09-17,247,190,0,741,False,
36,2025-09-16,0,93,0,758,False,
36,2025-09-15,0,103,0,785,False,
36,2025-09-14,0,45,0,740,False,
36,2025-09-13,263,210,0,752,False,
36,2025-09-12,126,157,0,716,False,
36,2025-09-11,143,177,0,796,False,
36,2025-09-10,97,138,0,808,False,
36,2025-09-09,250,204,0,772,False,
36,2025-09-08,0,45,0,779,False,
36,2025-09-07,105,135,0,706,False,
36,2025-09-06,0,68,0,733,False,
36,2025-09-05,0,45,0,748,False,
36,2025-09-04,165,158,0,752,False,
36,2025-09-03,8,112,0,778,False,
36,2025-09-02,0,81,0,706,False,
36,2025-09-01,0,54,0,832,False,
36,2025-08-31,20,98,0,726,False,
36,2025-08-30,69,135,0,771,False,
36,2025-08-29,78,134,0,807,False,
36,2025-08-28,95,140,0,787,False,
36,2025-08-27,44,116,0,766,False,
36,2025-08-26,0,61,0,795,False,
36,2025-08-25,201,193,0,712,False,
36,2025-08-24,232,187,0,719,False,
36,2025-08-23,272,221,0,783,False,
36,2025-08-22,184,170,0,711,False,
1,2026-09-21,3040,5475,0,33680,True,2026.0
2,2026-09-21,300,258,0,932,True,2026.0
3,2026-09-21,136,2694,0,21238,True,2026.0
4,2026-09-21,18628,17488,0,70642,True,2026.0
5,2026-09-21,3181,3776,0,14749,True,2026.0
6,2026-09-21,212,210,0,1022,True,2026.0
7,2026-09-21,7064,8368,0,41164,True,2026.0
8,2026-09-21,6020,4855,0,17207,True,2026.0
9,2026-09-21,1982,1516,0,4552,True,2026.0
10,2026-09-21,10414,7381,0,22176,True,2026.0
11,2026-09-21,10318,9847,0,41444,True,2026.0
12,2026-09-21,1293,3507,0,22592,True,2026.0
13,2026-09-21,4985,8317,0,49421,True,2026.0
14,2026-09-21,42920,28637,0,74509,True,2026.0
15,2026-09-21,366,414,0,2008,True,2026.0
16,2026-09-21,47,259,0,1966,True,2026.0
17,2026-09-21,0,92,0,707,True,2026.0
18,2026-09-21,346,291,0,1302,True,2026.0
19,2026-09-21,1253,4071,0,28777,True,2026.0
20,2026-09-21,3856,4034,0,18876,True,2026.0
21,2026-09-21,11444,10852,0,46617,True,2026.0
22,2026-09-21,0,44,0,439,True,2026.0
23,2026-09-21,12797,12033,0,48791,True,2026.0
24,2026-09-21,4611,4922,0,23860,True,2026.0
25,2026-09-21,0,300,0,2481,True,2026.0
26,2026-09-21,12971,22582,0,136385,True,2026.0
27,2026-09-21,3278,2464,0,7087,True,2026.0
28,2026-09-21,2775,9036,0,62049,True,2026.0
29,2026-09-21,75,73,0,257,True,2026.0
30,2026-09-21,379,284,0,730,True,2026.0
31,2026-09-21,187,133,0,366,True,2026.0
32,2026-09-21,3757,3150,0,11346,True,2026.0
33,2026-09-21,1072,1588,0,8384,True,2026.0
34,2026-09-21,38,49,0,209,True,2026.0
35,2026-09-21,3,6,0,49,True,2026.0
36,2026-09-21,0,86,0,855,True,2026.0
1,2027-09-21,3597,6237,0,37208,True,2027.0
2,2027-09-21,329,291,0,1070,True,2027.0
3,2027-09-21,7528,6465,0,23372,True,2027.0
4,2027-09-21,28186,22641,0,79357,True,2027.0
5,2027-09-21,1987,3455,0,19154,True,2027.0
6,2027-09-21,636,420,0,1111,True,2027.0
7,2027-09-21,24337,16587,0,45870,True,2027.0
8,2027-09-21,1412,3055,0,19293,True,2027.0
9,2027-09-21,1471,1329,0,5293,True,2027.0
10,2027-09-21,4823,5292,0,24924,True,2027.0
11,2027-09-21,0,4072,0,46552,True,2027.0
12,2027-09-21,2122,4011,0,25531,True,2027.0
13,2027-09-21,19955,16341,0,54914,True,2027.0
14,2027-09-21,27162,22721,0,85116,True,2027.0
15,2027-09-21,0,202,0,2176,True,2027.0
16,2027-09-21,443,482,0,2267,True,2027.0
17,2027-09-21,117,152,0,835,True,2027.0
18,2027-09-21,204,311,0,1500,True,2027.0
19,2027-09-21,13416,10180,0,31760,True,2027.0
20,2027-09-21,11487,7691,0,21112,True,2027.0
21,2027-09-21,5511,8945,0,50888,True,2027.0
22,2027-09-21,34,89,0,519,True,2027.0
23,2027-09-21,22966,17162,0,54982,True,2027.0
24,2027-09-21,2628,4557,0,26475,True,2027.0
25,2027-09-21,200,431,0,2825,True,2027.0
26,2027-09-21,59621,46568,0,151508,True,2027.0
27,2027-09-21,3703,2633,0,7608,True,2027.0
28,2027-09-21,13669,14986,0,69354,True,2027.0
29,2027-09-21,0,16,0,279,True,2027.0
30,2027-09-21,390,235,0,792,True,2027.0
31,2027-09-21,137,106,0,431,True,2027.0
32,2027-09-21,1740,2424,0,12765,True,2027.0
33,2027-09-21,4394,3008,0,9311,True,2027.0
34,2027-09-21,93,66,0,190,True,2027.0
35,2027-09-21,0,0,0,55,True,2027.0
36,2027-09-21,0,132,0,953,True,2027.0
1,2028-09-21,1893,6024,0,41942,True,2028.0
2,2028-09-21,5,168,0,1136,True,2028.0
3,2028-09-21,0,3232,0,26318,True,2028.0
4,2028-09-21,8702,14795,0,87235,True,2028.0
5,2028-09-21,6232,5595,0,21652,True,2028.0
6,2028-09-21,694,465,0,1192,True,2028.0
7,2028-09-21,29796,19626,0,50959,True,2028.0
8,2028-09-21,12669,8214,0,21262,True,2028.0
9,2028-09-21,2700,1901,0,5815,True,2028.0
10,2028-09-21,8625,7341,0,27866,True,2028.0
11,2028-09-21,23991,16975,0,51017,True,2028.0
12,2028-09-21,0,3065,0,27655,True,2028.0
13,2028-09-21,14405,14164,0,61001,True,2028.0
14,2028-09-21,24327,22856,0,94998,True,2028.0
15,2028-09-21,535,531,0,2467,True,2028.0
16,2028-09-21,0,297,0,2454,True,2028.0
17,2028-09-21,112,182,0,979,True,2028.0
18,2028-09-21,8,193,0,1634,True,2028.0
19,2028-09-21,4157,6372,0,34818,True,2028.0
20,2028-09-21,13987,9388,0,23459,True,2028.0
21,2028-09-21,22252,17344,0,57401,True,2028.0
22,2028-09-21,108,116,0,509,True,2028.0
23,2028-09-21,5298,10001,0,60944,True,2028.0
24,2028-09-21,11671,8864,0,29000,True,2028.0
25,2028-09-21,1014,811,0,3058,True,2028.0
26,2028-09-21,99028,65554,0,168408,True,2028.0
27,2028-09-21,3549,2687,0,8772,True,2028.0
28,2028-09-21,35308,25582,0,76638,True,2028.0
29,2028-09-21,107,74,0,318,True,2028.0
30,2028-09-21,146,178,0,826,True,2028.0
31,2028-09-21,57,87,0,526,True,2028.0
32,2028-09-21,8570,5554,0,14511,True,2028.0
33,2028-09-21,6001,3916,0,10235,True,2028.0
34,2028-09-21,76,50,0,223,True,2028.0
35,2028-09-21,0,8,0,46,True,2028.0
36,2028-09-21,0,123,0,1092,True,2028.0
1,2029-09-21,15714,12856,0,46244,True,2029.0
2,2029-09-21,19,164,0,1268,True,2029.0
3,2029-09-21,466,3700,0,28820,True,2029.0
4,2029-09-21,38141,29009,0,95886,True,2029.0
5,2029-09-21,13499,9011,0,21946,True,2029.0
6,2029-09-21,667,489,0,1369,True,2029.0
7,2029-09-21,34920,22339,0,55671,True,2029.0
8,2029-09-21,3603,4593,0,23280,True,2029.0
9,2029-09-21,4016,2609,0,6445,True,2029.0
10,2029-09-21,9295,8131,0,30251,True,2029.0
11,2029-09-21,20120,16134,0,56703,True,2029.0
12,2029-09-21,0,3393,0,31121,True,2029.0
13,2029-09-21,17739,16149,0,67268,True,2029.0
14,2029-09-21,63335,41275,0,103425,True,2029.0
15,2029-09-21,0,257,0,2677,True,2029.0
16,2029-09-21,960,765,0,2649,True,2029.0
17,2029-09-21,37,131,0,967,True,2029.0
18,2029-09-21,643,494,0,1755,True,2029.0
19,2029-09-21,8517,8766,0,38576,True,2029.0
20,2029-09-21,4055,5097,0,25858,True,2029.0
21,2029-09-21,16192,15281,0,64078,True,2029.0
22,2029-09-21,0,63,0,532,True,2029.0
23,2029-09-21,22176,18130,0,66691,True,2029.0
24,2029-09-21,927,4419,0,32462,True,2029.0
25,2029-09-21,688,744,0,3424,True,2029.0
26,2029-09-21,64758,51632,0,185116,True,2029.0
27,2029-09-21,3741,2797,0,9455,True,2029.0
28,2029-09-21,16516,18014,0,84493,True,2029.0
29,2029-09-21,82,81,0,430,True,2029.0
30,2029-09-21,307,238,0,978,True,2029.0
31,2029-09-21,253,176,0,498,True,2029.0
32,2029-09-21,6433,4875,0,15605,True,2029.0
33,2029-09-21,6516,4488,0,11246,True,2029.0
34,2029-09-21,118,78,0,244,True,2029.0
35,2029-09-21,1,8,0,50,True,2029.0
36,2029-09-21,235,217,0,1154,True,2029.0
1,2030-09-21,8345,10129,0,50302,True,2030.0
2,2030-09-21,425,342,0,1424,True,2030.0
3,2030-09-21,6832,6985,0,31398,True,2030.0
4,2030-09-21,27068,25120,0,104860,True,2030.0
5,2030-09-21,15812,10659,0,25792,True,2030.0
6,2030-09-21,692,521,0,1504,True,2030.0
7,2030-09-21,9992,11904,0,61187,True,2030.0
8,2030-09-21,14838,9782,0,25561,True,2030.0
9,2030-09-21,2523,2035,0,6924,True,2030.0
10,2030-09-21,11968,9606,0,33113,True,2030.0
11,2030-09-21,16892,15281,0,61691,True,2030.0
12,2030-09-21,16731,11729,0,33667,True,2030.0
13,2030-09-21,25748,21153,0,72822,True,2030.0
14,2030-09-21,55852,39491,0,112552,True,2030.0
15,2030-09-21,32,379,0,2873,True,2030.0
16,2030-09-21,1179,870,0,3086,True,2030.0
17,2030-09-21,27,142,0,1072,True,2030.0
18,2030-09-21,540,446,0,1977,True,2030.0
19,2030-09-21,16291,12640,0,42569,True,2030.0
20,2030-09-21,15716,10358,0,27940,True,2030.0
21,2030-09-21,21331,18379,0,69222,True,2030.0
22,2030-09-21,217,187,0,644,True,2030.0
23,2030-09-21,37393,26446,0,72774,True,2030.0
24,2030-09-21,14451,10969,0,34977,True,2030.0
25,2030-09-21,1209,985,0,3755,True,2030.0
26,2030-09-21,76224,61027,0,201472,True,2030.0
27,2030-09-21,3675,2929,0,10060,True,2030.0
28,2030-09-21,17390,19115,0,92257,True,2030.0
29,2030-09-21,94,104,0,348,True,2030.0
30,2030-09-21,702,414,0,1012,True,2030.0
31,2030-09-21,262,174,0,577,True,2030.0
32,2030-09-21,5068,4374,0,16814,True,2030.0
33,2030-09-21,4390,3536,0,12512,True,2030.0
34,2030-09-21,78,46,0,260,True,2030.0
35,2030-09-21,11,17,0,67,True,2030.0
36,2030-09-21,94,171,0,1249,True,2030.0
