location_id,date,total_beds,available_beds,doctors,nurses,iv_fluids_stock,antibiotics_stock,antipyretics_stock,is_projected,projection_year
1,2025-09-21,97457,82512,27626,103904,0,0,2253.0,False,
1,2025-09-20,77276,57800,27189,99777,0,0,0.0,False,
1,2025-09-19,100842,84542,27556,81091,0,0,559.0,False,
1,2025-09-18,113441,94059,44757,79158,0,0,0.0,False,
1,2025-09-17,128983,116091,41733,106575,0,0,4274.0,False,
1,2025-09-16,113184,100189,43917,104571,0,0,4112.0,False,
1,2025-09-15,78527,62159,36424,116503,0,0,552.0,False,
1,2025-09-14,90380,70620,43282,74427,0,0,0.0,False,
1,2025-09-13,79814,63657,44945,79074,0,0,877.0,False,
1,2025-09-12,100122,84220,41871,116149,0,0,1074.0,False,
1,2025-09-11,75812,59273,25098,108519,0,0,232.0,False,
1,2025-09-10,103150,90120,44295,75948,0,0,3992.0,False,
1,2025-09-09,91971,78102,49453,111697,0,0,3288.0,False,
1,2025-09-08,76533,61602,34428,101544,0,0,2103.0,False,
1,2025-09-07,132432,116371,30614,118563,0,0,960.0,False,
1,2025-09-06,94319,79080,36880,108675,0,0,1797.0,False,
1,2025-09-05,133699,115153,45339,85284,0,0,0.0,False,
1,2025-09-04,129973,110043,41515,84099,0,0,0.0,False,
1,2025-09-03,145143,132450,26516,123280,0,0,4397.0,False,
1,2025-09-02,83043,70281,42780,85679,0,0,4325.0,False,
1,2025-09-01,113459,100771,36945,88706,0,0,4328.0,False,
1,2025-08-31,81756,68350,31836,109266,0,0,3874.0,False,
1,2025-08-30,88154,75436,47601,107714,0,0,4289.0,False,
1,2025-08-29,123132,107664,44319,99319,0,0,1603.0,False,
1,2025-08-28,88731,73739,38533,76922,0,0,2083.0,False,
1,2025-08-27,88994,72551,30145,98963,0,0,586.0,False,
1,2025-08-26,103113,89086,24788,97681,0,0,3069.0,False,
1,2025-08-25,129024,112219,46949,77781,0,0,124.0,False,
1,2025-08-24,89782,74905,27340,114265,0,0,2139.0,False,
1,2025-08-23,95709,79617,46323,94838,0,0,788.0,False,
1,2025-08-22,135902,119791,27159,96535,0,0,776.0,False,
2,2025-09-21,2460,2033,1126,2814,0,0,53.0,False,
2,2025-09-20,3032,2659,781,2955,0,0,103.0,False,
2,2025-09-19,2126,1705,723,2720,0,0,40.0,False,
2,2025-09-18,2379,1873,1367,2261,0,0,0.0,False,
2,2025-09-17,2694,2261,927,2295,0,0,25.0,False,
2,2025-09-16,3052,2693,1363,2561,0,0,126.0,False,
2,2025-09-15,3044,2654,1008,2473,0,0,87.0,False,
2,2025-09-14,2271,1763,1366,2630,0,0,0.0,False,
2,2025-09-13,2675,2195,1307,2388,0,0,0.0,False,
2,2025-09-12,2663,2150,1179,2787,0,0,0.0,False,
2,2025-09-11,3212,2793,833,2740,0,0,78.0,False,
2,2025-09-10,2537,2188,1363,2205,0,0,126.0,False,
2,2025-09-09,3019,2664,1247,2727,0,0,120.0,False,
2,2025-09-08,2442,1956,1280,2474,0,0,0.0,False,
2,2025-09-07,2312,1967,766,2378,0,0,119.0,False,
2,2025-09-06,2713,2338,710,2414,0,0,89.0,False,
2,2025-09-05,2556,2090,836,2946,0,0,11.0,False,
2,2025-09-04,2306,1817,999,2247,0,0,0.0,False,
2,2025-09-03,2333,1985,1336,2640,0,0,125.0,False,
2,2025-09-02,2168,1790,1332,2175,0,0,106.0,False,
2,2025-09-01,4094,3638,912,2468,0,0,45.0,False,
2,2025-08-31,3796,3425,922,2398,0,0,111.0,False,
2,2025-08-30,2721,2233,781,3442,0,0,0.0,False,
2,2025-08-29,3762,3386,860,2711,0,0,113.0,False,
2,2025-08-28,3290,2813,728,3224,0,0,0.0,False,
2,2025-08-27,2216,1840,704,3338,0,0,106.0,False,
2,2025-08-26,3906,3522,1086,2674,0,0,92.0,False,
2,2025-08-25,3673,3303,1073,3331,0,0,100.0,False,
2,2025-08-24,3275,2793,928,3064,0,0,0.0,False,
2,2025-08-23,2307,1891,815,2673,0,0,25.0,False,
2,2025-08-22,3195,2832,1082,3221,0,0,114.0,False,
3,2025-09-21,84914,76435,29153,56639,0,0,2413.0,False,
3,2025-09-20,51330,40720,29283,70463,0,0,47.0,False,
3,2025-09-19,78679,69206,29791,63805,0,0,1349.0,False,
3,2025-09-18,70989,62072,30087,72277,0,0,1773.0,False,
3,2025-09-17,51985,43810,21445,73251,0,0,2641.0,False,
3,2025-09-16,72994,63648,21921,52198,0,0,1366.0,False,
3,2025-09-15,67339,59063,20546,76537,0,0,2550.0,False,
3,2025-09-14,88178,80042,26750,56154,0,0,2604.0,False,
3,2025-09-13,79884,70193,24517,61497,0,0,1075.0,False,
3,2025-09-12,57738,49083,16229,64048,0,0,2089.0,False,
3,2025-09-11,78324,70176,28939,70248,0,0,2610.0,False,
3,2025-09-10,55146,46191,15833,55698,0,0,1865.0,False,
3,2025-09-09,50837,41157,31117,74980,0,0,1037.0,False,
3,2025-09-08,90664,79980,17191,77391,0,0,0.0,False,
3,2025-09-07,70586,59596,25314,71813,0,0,0.0,False,
3,2025-09-06,61197,51171,22430,65265,0,0,653.0,False,
3,2025-09-05,72213,61323,30369,69621,0,0,0.0,False,
3,2025-09-04,63075,54464,29179,48992,0,0,2211.0,False,
3,2025-09-03,83010,73491,20988,61628,0,0,1212.0,False,
3,2025-09-02,70870,62734,26614,66415,0,0,2620.0,False,
3,2025-09-01,89025,80616,30591,54433,0,0,2422.0,False,
3,2025-08-31,69214,60019,17824,54565,0,0,1539.0,False,
3,2025-08-30,59501,50543,17972,66102,0,0,1733.0,False,
3,2025-08-29,73094,62284,20127,57619,0,0,0.0,False,
3,2025-08-28,81743,73621,20195,60315,0,0,2651.0,False,
3,2025-08-27,86956,79075,24843,58817,0,0,2793.0,False,
3,2025-08-26,60373,51138,29177,57654,0,0,1635.0,False,
3,2025-08-25,69287,59548,25058,75202,0,0,986.0,False,
3,2025-08-24,90013,82051,27732,56192,0,0,2736.0,False,
3,2025-08-23,87053,76175,18923,64934,0,0,0.0,False,
3,2025-08-22,80965,72445,30251,50021,0,0,2275.0,False,
4,2025-09-21,311877,275767,55363,175677,0,0,0.0,False,
4,2025-09-20,245215,208013,81106,176706,0,0,0.0,False,
4,2025-09-19,269498,233224,95608,226737,0,0,0.0,False,
4,2025-09-18,220256,180591,97465,162015,0,0,0.0,False,
4,2025-09-17,303922,272642,101350,191185,0,0,4689.0,False,
4,2025-09-16,287252,250154,93871,203929,0,0,0.0,False,
4,2025-09-15,217089,180563,75835,195391,0,0,0.0,False,
4,2025-09-14,247422,212665,74780,199467,0,0,638.0,False,
4,2025-09-13,231163,197173,90591,218578,0,0,1667.0,False,
4,2025-09-12,297091,261377,65492,243208,0,0,0.0,False,
4,2025-09-11,249286,207454,94370,222682,0,0,0.0,False,
4,2025-09-10,269661,228741,83443,214490,0,0,0.0,False,
4,2025-09-09,278687,239085,67007,161148,0,0,0.0,False,
4,2025-09-08,200419,166404,99376,255809,0,0,1611.0,False,
4,2025-09-07,282164,239027,95929,205544,0,0,0.0,False,
4,2025-09-06,199456,155848,78072,159035,0,0,0.0,False,
4,2025-09-05,162670,127831,70567,167665,0,0,669.0,False,
4,2025-09-04,264476,229798,86597,158594,0,0,920.0,False,
4,2025-09-03,185712,143478,72435,248117,0,0,0.0,False,
4,2025-09-02,186742,156848,72307,226500,0,0,6128.0,False,
4,2025-09-01,214419,183015,61264,244512,0,0,4262.0,False,
4,2025-08-31,289567,251471,76129,157888,0,0,0.0,False,
4,2025-08-30,223681,188027,55553,190694,0,0,0.0,False,
4,2025-08-29,183645,146981,75903,162590,0,0,0.0,False,
4,2025-08-28,242147,201815,58030,157942,0,0,0.0,False,
4,2025-08-27,285741,247778,102302,193837,0,0,0.0,False,
4,2025-08-26,256965,222331,100283,243174,0,0,861.0,False,
4,2025-08-25,281223,236962,94985,192574,0,0,0.0,False,
4,2025-08-24,281591,253079,65756,210676,0,0,7827.0,False,
4,2025-08-23,159230,117236,81316,213196,0,0,0.0,False,
4,2025-08-22,267421,230659,74867,182123,0,0,0.0,False,
5,2025-09-21,38652,28293,19873,57306,0,0,0.0,False,
5,2025-09-20,73931,64984,17635,62243,0,0,0.0,False,
5,2025-09-19,59416,51687,18704,59852,0,0,1055.0,False,
5,2025-09-18,45661,38024,23106,44106,0,0,1159.0,False,
5,2025-09-17,73196,64893,20373,41268,0,0,497.0,False,
5,2025-09-16,61622,56505,21701,63796,0,0,1711.0,False,
5,2025-09-15,43266,36392,15692,57496,0,0,1979.0,False,
5,2025-09-14,54815,44259,15478,45318,0,0,0.0,False,
5,2025-09-13,64140,57081,22337,47991,0,0,1758.0,False,
5,2025-09-12,67748,61116,16493,45102,0,0,1883.0,False,
5,2025-09-11,73933,63991,13644,49329,0,0,0.0,False,
5,2025-09-10,51612,43257,24424,38850,0,0,419.0,False,
5,2025-09-09,62905,55691,17129,52746,0,0,1704.0,False,
5,2025-09-08,67001,57438,18366,61664,0,0,0.0,False,
5,2025-09-07,47453,37447,15308,56394,0,0,0.0,False,
5,2025-09-06,47044,36554,17424,38675,0,0,0.0,False,
5,2025-09-05,45111,35343,21272,42369,0,0,0.0,False,
5,2025-09-04,67070,59755,14378,56368,0,0,1551.0,False,
5,2025-09-03,49155,39318,15446,57978,0,0,0.0,False,
5,2025-09-02,56211,45324,18163,39250,0,0,0.0,False,
5,2025-09-01,55798,46056,23669,60361,0,0,0.0,False,
5,2025-08-31,45968,39056,20076,39050,0,0,1080.0,False,
5,2025-08-30,60700,51093,23345,52261,0,0,0.0,False,
5,2025-08-29,41459,32857,17613,49875,0,0,0.0,False,
5,2025-08-28,57917,49591,15400,45971,0,0,496.0,False,
5,2025-08-27,56577,44789,24487,51902,0,0,0.0,False,
5,2025-08-26,72406,61738,15817,46094,0,0,0.0,False,
5,2025-08-25,48318,40174,18716,57569,0,0,533.0,False,
5,2025-08-24,50837,39992,23724,53518,0,0,0.0,False,
5,2025-08-23,44857,37833,23151,40428,0,0,1861.0,False,
5,2025-08-22,66127,57125,18114,39590,0,0,0.0,False,
6,2025-09-21,2984,2532,1429,3446,0,0,72.0,False,
6,2025-09-20,2948,2472,1408,3052,0,0,0.0,False,
6,2025-09-19,3707,3095,738,2718,0,0,0.0,False,
6,2025-09-18,3037,2644,1246,2831,0,0,95.0,False,
6,2025-09-17,2205,1809,1341,2559,0,0,106.0,False,
6,2025-09-16,2588,2030,1322,3361,0,0,0.0,False,
6,2025-09-15,2978,2404,754,2379,0,0,0.0,False,
6,2025-09-14,2505,1991,1072,3052,0,0,0.0,False,
6,2025-09-13,4096,3451,1036,2296,0,0,0.0,False,
6,2025-09-12,3017,2483,1401,3113,0,0,0.0,False,
6,2025-09-11,2394,1959,953,3633,0,0,30.0,False,
6,2025-09-10,2771,2373,872,2973,0,0,16.0,False,
6,2025-09-09,4035,3537,910,2954,0,0,8.0,False,
6,2025-09-08,2303,1988,1001,2347,0,0,109.0,False,
6,2025-09-07,4039,3523,1329,2359,0,0,0.0,False,
6,2025-09-06,4118,3594,1457,2325,0,0,0.0,False,
6,2025-09-05,2285,1796,1356,3580,0,0,7.0,False,
6,2025-09-04,3155,2621,1238,2511,0,0,0.0,False,
6,2025-09-03,3335,2889,1037,3521,0,0,69.0,False,
6,2025-09-02,3323,2730,835,2514,0,0,0.0,False,
6,2025-09-01,3511,2982,945,3369,0,0,0.0,False,
6,2025-08-31,4268,3955,1050,3444,0,0,100.0,False,
6,2025-08-30,3708,3134,1393,3372,0,0,0.0,False,
6,2025-08-29,3862,3475,918,3604,0,0,105.0,False,
6,2025-08-28,3719,3071,929,2789,0,0,0.0,False,
6,2025-08-27,2507,1846,894,2717,0,0,0.0,False,
6,2025-08-26,4370,3890,768,2312,0,0,25.0,False,
6,2025-08-25,2601,2010,803,3541,0,0,0.0,False,
6,2025-08-24,3184,2704,1452,3250,0,0,4.0,False,
6,2025-08-23,2983,2548,788,2629,0,0,71.0,False,
6,2025-08-22,4029,3631,976,2329,0,0,94.0,False,
7,2025-09-21,109893,85655,40556,128928,0,0,0.0,False,
7,2025-09-20,175898,149502,42590,124659,0,0,0.0,False,
7,2025-09-19,178892,151620,42048,117730,0,0,0.0,False,
7,2025-09-18,96284,78270,33874,97877,0,0,2791.0,False,
7,2025-09-17,96020,79554,42716,120164,0,0,3944.0,False,
7,2025-09-16,157692,138255,39735,94237,0,0,1218.0,False,
7,2025-09-15,143967,120173,57492,110212,0,0,0.0,False,
7,2025-09-14,169981,145383,46403,95489,0,0,0.0,False,
7,2025-09-13,112307,92602,44908,99411,0,0,1034.0,False,
7,2025-09-12,131154,104632,44417,97301,0,0,0.0,False,
7,2025-09-11,108211,90843,52300,108074,0,0,3390.0,False,
7,2025-09-10,166398,148653,40303,124266,0,0,912.0,False,
7,2025-09-09,132572,107166,39030,100231,0,0,0.0,False,
7,2025-09-08,154152,128972,51064,92982,0,0,0.0,False,
7,2025-09-07,121728,98071,40182,113621,0,0,0.0,False,
7,2025-09-06,127959,108305,49535,103509,0,0,1057.0,False,
7,2025-09-05,137323,119470,55424,119787,0,0,2890.0,False,
7,2025-09-04,145825,126814,41263,133807,0,0,0.0,False,
7,2025-09-03,139458,111986,55094,125592,0,0,0.0,False,
7,2025-09-02,146450,122118,52818,102016,0,0,0.0,False,
7,2025-09-01,93319,76976,58885,103757,0,0,4431.0,False,
7,2025-08-31,149696,122365,55001,107325,0,0,0.0,False,
7,2025-08-30,163764,136392,34044,112861,0,0,0.0,False,
7,2025-08-29,116488,96405,57174,106686,0,0,486.0,False,
7,2025-08-28,132612,108796,35620,116114,0,0,0.0,False,
7,2025-08-27,135061,115618,50670,122458,0,0,1350.0,False,
7,2025-08-26,143375,119917,59222,112346,0,0,0.0,False,
7,2025-08-25,93806,71796,31136,124653,0,0,0.0,False,
7,2025-08-24,141632,122477,52383,113154,0,0,1593.0,False,
7,2025-08-23,122297,97418,34844,102970,0,0,0.0,False,
7,2025-08-22,172183,153845,49147,145740,0,0,2645.0,False,
8,2025-09-21,48754,41484,14242,39307,0,0,1466.0,False,
8,2025-09-20,52681,45064,17156,42652,0,0,1064.0,False,
8,2025-09-19,39665,29462,24176,46716,0,0,0.0,False,
8,2025-09-18,54600,44641,22086,61592,0,0,0.0,False,
8,2025-09-17,69825,62303,14390,40605,0,0,1244.0,False,
8,2025-09-16,62827,51406,20327,52756,0,0,0.0,False,
8,2025-09-15,64422,54838,19997,60407,0,0,0.0,False,
8,2025-09-14,55444,48501,17739,50523,0,0,1902.0,False,
8,2025-09-13,44838,36304,14954,42838,0,0,57.0,False,
8,2025-09-12,54741,47125,19498,55520,0,0,1101.0,False,
8,2025-09-11,38480,29072,18069,58855,0,0,0.0,False,
8,2025-09-10,51714,43780,24367,46032,0,0,737.0,False,
8,2025-09-09,47118,35985,13770,43940,0,0,0.0,False,
8,2025-09-08,66456,57267,16217,61628,0,0,0.0,False,
8,2025-09-07,40918,32712,18155,38575,0,0,594.0,False,
8,2025-09-06,73019,64261,23001,38839,0,0,0.0,False,
8,2025-09-05,56861,49858,20245,62595,0,0,1862.0,False,
8,2025-09-04,57258,48975,13627,55861,0,0,388.0,False,
8,2025-09-03,45513,37047,19816,54707,0,0,207.0,False,
8,2025-09-02,52822,44170,15557,62587,0,0,0.0,False,
8,2025-09-01,53297,44682,17889,59727,0,0,74.0,False,
8,2025-08-31,46602,35151,20514,52720,0,0,0.0,False,
8,2025-08-30,52022,44197,19835,58314,0,0,817.0,False,
8,2025-08-29,68513,58310,17114,49991,0,0,0.0,False,
8,2025-08-28,59732,49458,17435,53049,0,0,0.0,False,
8,2025-08-27,49108,38006,24227,55405,0,0,0.0,False,
8,2025-08-26,41220,33017,22220,46135,0,0,531.0,False,
8,2025-08-25,46216,38449,21608,58439,0,0,1001.0,False,
8,2025-08-24,75368,65190,15155,62698,0,0,0.0,False,
8,2025-08-23,63866,55303,23358,58985,0,0,47.0,False,
8,2025-08-22,73660,66077,25320,48072,0,0,1110.0,False,
9,2025-09-21,13238,10801,4739,10439,0,0,0.0,False,
9,2025-09-20,11207,9021,5088,10873,0,0,165.0,False,
9,2025-09-19,13498,11291,5110,15771,0,0,185.0,False,
9,2025-09-18,16582,13441,5079,14664,0,0,0.0,False,
9,2025-09-17,11032,9333,5297,11587,0,0,270.0,False,
9,2025-09-16,17567,15359,5789,16341,0,0,162.0,False,
9,2025-09-15,15960,12919,5987,16881,0,0,0.0,False,
9,2025-09-14,11529,8944,4585,17066,0,0,0.0,False,
9,2025-09-13,18573,16399,5913,13773,0,0,208.0,False,
9,2025-09-12,13603,11228,3921,16672,0,0,0.0,False,
9,2025-09-11,11411,8449,6156,13477,0,0,0.0,False,
9,2025-09-10,19937,17061,6001,13971,0,0,0.0,False,
9,2025-09-09,16326,14163,4066,11357,0,0,203.0,False,
9,2025-09-08,12348,9265,6780,10719,0,0,0.0,False,
9,2025-09-07,17391,14819,6040,15920,0,0,0.0,False,
9,2025-09-06,11207,9237,6088,12252,0,0,424.0,False,
9,2025-09-05,18111,15213,6652,13208,0,0,0.0,False,
9,2025-09-04,15298,12916,4888,13611,0,0,0.0,False,
9,2025-09-03,18957,16887,3621,13340,0,0,268.0,False,
9,2025-09-02,18908,16401,6725,16168,0,0,0.0,False,
9,2025-09-01,12222,10331,3741,12603,0,0,512.0,False,
9,2025-08-31,17813,15282,4292,11665,0,0,0.0,False,
9,2025-08-30,14547,12152,5760,13477,0,0,0.0,False,
9,2025-08-29,17925,15964,4063,12290,0,0,0.0,False,
9,2025-08-28,19081,16424,5894,10798,0,0,0.0,False,
9,2025-08-27,15921,13579,6665,13032,0,0,13.0,False,
9,2025-08-26,13384,10992,5985,11275,0,0,0.0,False,
9,2025-08-25,16458,14041,6184,10484,0,0,0.0,False,
9,2025-08-24,18603,15872,5574,13160,0,0,0.0,False,
9,2025-08-23,11095,8481,5965,15096,0,0,0.0,False,
9,2025-08-22,17908,14959,4639,12019,0,0,0.0,False,
10,2025-09-21,49617,39589,20003,78106,0,0,1275.0,False,
10,2025-09-20,87092,76805,27769,64812,0,0,982.0,False,
10,2025-09-19,66676,55026,23666,63495,0,0,0.0,False,
10,2025-09-18,65379,53567,31317,77244,0,0,0.0,False,
10,2025-09-17,55514,45515,24204,70501,0,0,1423.0,False,
10,2025-09-16,96145,86436,24522,54543,0,0,1645.0,False,
10,2025-09-15,59070,46098,16953,52048,0,0,0.0,False,
10,2025-09-14,68022,56345,29916,64310,0,0,0.0,False,
10,2025-09-13,78106,66636,32694,57385,0,0,0.0,False,
10,2025-09-12,78942,65458,20258,78374,0,0,0.0,False,
10,2025-09-11,77890,64472,30746,61724,0,0,0.0,False,
10,2025-09-10,55035,44919,26014,77405,0,0,1242.0,False,
10,2025-09-09,58723,48045,32736,54351,0,0,613.0,False,
10,2025-09-08,64079,55185,29703,60839,0,0,2551.0,False,
10,2025-09-07,54767,43631,27165,49844,0,0,67.0,False,
10,2025-09-06,67423,58529,30895,52449,0,0,2509.0,False,
10,2025-09-05,53340,43198,31187,63645,0,0,1173.0,False,
10,2025-09-04,65611,55999,17110,62170,0,0,1889.0,False,
10,2025-09-03,74673,65177,18848,52883,0,0,1937.0,False,
10,2025-09-02,69991,57555,23906,50545,0,0,0.0,False,
10,2025-09-01,52308,40760,19147,79982,0,0,0.0,False,
10,2025-08-31,82526,69282,25051,77463,0,0,0.0,False,
10,2025-08-30,53924,41291,20662,73930,0,0,0.0,False,
10,2025-08-29,69753,57934,23068,67722,0,0,0.0,False,
10,2025-08-28,77201,66815,27980,67104,0,0,969.0,False,
10,2025-08-27,60457,47119,27018,69478,0,0,0.0,False,
10,2025-08-26,75371,62826,22160,67178,0,0,0.0,False,
10,2025-08-25,71590,60497,32000,59119,0,0,70.0,False,
10,2025-08-24,61001,51821,26346,75246,0,0,2264.0,False,
10,2025-08-23,66842,54975,30640,68947,0,0,0.0,False,
10,2025-08-22,61430,51164,18386,70164,0,0,1042.0,False,
11,2025-09-21,176522,154940,39904,106851,0,0,0.0,False,
11,2025-09-20,180981,158339,31739,109888,0,0,0.0,False,
11,2025-09-19,109304,90994,57662,130600,0,0,2779.0,False,
11,2025-09-18,138812,120655,51650,105347,0,0,2949.0,False,
11,2025-09-17,113372,97188,42299,136426,0,0,4990.0,False,
11,2025-09-16,95013,76065,48671,139393,0,0,2095.0,False,
11,2025-09-15,130868,106523,36442,149613,0,0,0.0,False,
11,2025-09-14,181128,159599,37063,102009,0,0,0.0,False,
11,2025-09-13,128596,113154,37630,144732,0,0,5485.0,False,
11,2025-09-12,165160,144533,60662,152117,0,0,237.0,False,
11,2025-09-11,94911,74444,37758,96740,0,0,291.0,False,
11,2025-09-10,178373,161538,54320,125155,0,0,4337.0,False,
11,2025-09-09,102251,86055,49057,120553,0,0,5021.0,False,
11,2025-09-08,100451,84039,53958,96957,0,0,4833.0,False,
11,2025-09-07,104753,82512,57774,125849,0,0,0.0,False,
11,2025-09-06,101490,86171,32018,113579,0,0,5524.0,False,
11,2025-09-05,169149,148544,46616,118668,0,0,222.0,False,
11,2025-09-04,168470,145945,50327,94049,0,0,0.0,False,
11,2025-09-03,159492,141464,37308,148731,0,0,2983.0,False,
11,2025-09-02,128474,110967,36540,105242,0,0,3544.0,False,
11,2025-09-01,120144,102224,61081,145137,0,0,3123.0,False,
11,2025-08-31,141224,121957,44148,101821,0,0,1609.0,False,
11,2025-08-30,134241,115357,49056,125581,0,0,2129.0,False,
11,2025-08-29,153158,132432,37943,114757,0,0,232.0,False,
11,2025-08-28,104152,87912,36390,115703,0,0,4968.0,False,
11,2025-08-27,93763,71919,45971,134739,0,0,0.0,False,
11,2025-08-26,146161,124857,31561,148901,0,0,0.0,False,
11,2025-08-25,168093,145186,37938,92831,0,0,0.0,False,
11,2025-08-24,115779,92375,42192,114594,0,0,0.0,False,
11,2025-08-23,167031,145014,53311,134489,0,0,0.0,False,
11,2025-08-22,154289,134243,31562,148119,0,0,867.0,False,
12,2025-09-21,94326,85248,33311,53638,0,0,2443.0,False,
12,2025-09-20,58809,49219,18883,56273,0,0,1898.0,False,
12,2025-09-19,67475,58762,30561,62279,0,0,2852.0,False,
12,2025-09-18,62853,50367,23224,59504,0,0,0.0,False,
12,2025-09-17,78230,69757,19985,63216,0,0,3020.0,False,
12,2025-09-16,63092,49904,23192,66815,0,0,0.0,False,
12,2025-09-15,64642,55914,20877,55805,0,0,2800.0,False,
12,2025-09-14,87979,78822,19496,67180,0,0,2439.0,False,
12,2025-09-13,64800,52058,22799,73873,0,0,0.0,False,
12,2025-09-12,76924,66171,28642,55572,0,0,704.0,False,
12,2025-09-11,53766,40773,27815,73030,0,0,0.0,False,
12,2025-09-10,64214,51538,25903,65482,0,0,0.0,False,
12,2025-09-09,69764,56601,21507,68611,0,0,0.0,False,
12,2025-09-08,86346,72945,18998,52476,0,0,0.0,False,
12,2025-09-07,81459,71314,23423,57417,0,0,1296.0,False,
12,2025-09-06,64490,53091,28689,77981,0,0,63.0,False,
12,2025-09-05,56021,47328,31911,58678,0,0,2885.0,False,
12,2025-09-04,70438,59596,18299,67313,0,0,581.0,False,
12,2025-09-03,86428,73556,28767,80867,0,0,0.0,False,
12,2025-09-02,74690,65796,31291,63356,0,0,2759.0,False,
12,2025-09-01,51368,38957,33360,61574,0,0,0.0,False,
12,2025-08-31,66105,57159,23466,63989,0,0,2640.0,False,
12,2025-08-30,65453,55851,23161,77159,0,0,1998.0,False,
12,2025-08-29,76826,63383,27303,50256,0,0,0.0,False,
12,2025-08-28,89726,78960,23700,58465,0,0,743.0,False,
12,2025-08-27,78009,68521,32348,53544,0,0,2098.0,False,
12,2025-08-26,59425,49419,29199,72332,0,0,1458.0,False,
12,2025-08-25,79639,70584,21135,73280,0,0,2623.0,False,
12,2025-08-24,60312,49221,21078,79339,0,0,293.0,False,
12,2025-08-23,99761,90342,25752,77730,0,0,2254.0,False,
12,2025-08-22,56165,43797,31627,82140,0,0,0.0,False,
13,2025-09-21,123612,97902,49416,130127,0,0,0.0,False,
13,2025-09-20,164707,137393,50698,151175,0,0,0.0,False,
13,2025-09-19,110507,82129,62067,171959,0,0,0.0,False,
13,2025-09-18,179794,160258,68427,155519,0,0,5636.0,False,
13,2025-09-17,178902,155156,40660,168488,0,0,0.0,False,
13,2025-09-16,155730,126346,46103,141566,0,0,0.0,False,
13,2025-09-15,133981,107343,51854,112436,0,0,0.0,False,
13,2025-09-14,153928,131310,64493,128956,0,0,0.0,False,
13,2025-09-13,165257,137657,44293,148463,0,0,0.0,False,
13,2025-09-12,214848,189804,50187,167663,0,0,0.0,False,
13,2025-09-11,148321,125089,42690,140743,0,0,1625.0,False,
13,2025-09-10,127504,102665,38055,117890,0,0,0.0,False,
13,2025-09-09,176799,155944,49082,169447,0,0,4109.0,False,
13,2025-09-08,182517,152046,55462,179613,0,0,0.0,False,
13,2025-09-07,138994,106190,39914,117654,0,0,0.0,False,
13,2025-09-06,196085,171930,41581,126060,0,0,581.0,False,
13,2025-09-05,161897,140261,40710,134281,0,0,3441.0,False,
13,2025-09-04,212076,184641,54420,172778,0,0,0.0,False,
13,2025-09-03,186177,164337,43185,115559,0,0,3181.0,False,
13,2025-09-02,188831,161711,53121,121970,0,0,0.0,False,
13,2025-09-01,212317,178979,43079,174329,0,0,0.0,False,
13,2025-08-31,186126,166241,71671,140349,0,0,5343.0,False,
13,2025-08-30,130381,101918,38552,119393,0,0,0.0,False,
13,2025-08-29,111898,83845,67897,156408,0,0,0.0,False,
13,2025-08-28,200264,167336,50489,155133,0,0,0.0,False,
13,2025-08-27,196857,167987,38691,136794,0,0,0.0,False,
13,2025-08-26,167754,135629,66432,164039,0,0,0.0,False,
13,2025-08-25,213540,180577,57126,116311,0,0,0.0,False,
13,2025-08-24,191728,159516,70294,142167,0,0,0.0,False,
13,2025-08-23,127512,99152,58687,143101,0,0,0.0,False,
13,2025-08-22,207098,174927,54076,123326,0,0,0.0,False,
14,2025-09-21,276521,238513,97088,276749,0,0,320.0,False,
14,2025-09-20,336721,303849,97799,212709,0,0,5827.0,False,
14,2025-09-19,267536,217056,62236,264487,0,0,0.0,False,
14,2025-09-18,253599,212955,105539,260183,0,0,0.0,False,
14,2025-09-17,195389,143804,64650,250210,0,0,0.0,False,
14,2025-09-16,270124,223398,90778,191983,0,0,0.0,False,
14,2025-09-15,310276,263382,110066,190560,0,0,0.0,False,
14,2025-09-14,204617,157799,65307,178998,0,0,0.0,False,
14,2025-09-13,315751,279628,109028,237923,0,0,1178.0,False,
14,2025-09-12,185614,154952,69207,270864,0,0,8279.0,False,
14,2025-09-11,273781,229060,95600,210032,0,0,0.0,False,
14,2025-09-10,285736,244212,104785,235151,0,0,0.0,False,
14,2025-09-09,187382,140147,71432,215657,0,0,0.0,False,
14,2025-09-08,329469,282685,72893,196026,0,0,0.0,False,
14,2025-09-07,241759,196118,63101,279431,0,0,0.0,False,
14,2025-09-06,208338,176464,110806,247044,0,0,0.0,False,
14,2025-09-05,197450,153911,105478,257992,0,0,0.0,False,
14,2025-09-04,336049,288050,100619,172480,0,0,0.0,False,
14,2025-09-03,176791,133572,59153,188899,0,0,0.0,False,
14,2025-09-02,201856,154858,88597,177522,0,0,0.0,False,
14,2025-09-01,234577,183881,102738,185673,0,0,0.0,False,
14,2025-08-31,211169,167651,88236,263096,0,0,0.0,False,
14,2025-08-30,328879,288169,90578,169827,0,0,0.0,False,
14,2025-08-29,247504,196281,80235,244789,0,0,0.0,False,
14,2025-08-28,332572,292493,84398,200463,0,0,0.0,False,
14,2025-08-27,295127,257561,93448,240531,0,0,847.0,False,
14,2025-08-26,305540,272578,112171,247426,0,0,5911.0,False,
14,2025-08-25,182291,131331,89229,253827,0,0,0.0,False,
14,2025-08-24,189652,137898,95545,275583,0,0,0.0,False,
14,2025-08-23,302917,253720,96751,280705,0,0,0.0,False,
14,2025-08-22,246519,213277,91742,199624,0,0,5576.0,False,
15,2025-09-21,4599,3726,2485,5831,0,0,119.0,False,
15,2025-09-20,6711,5991,2241,4389,0,0,231.0,False,
15,2025-09-19,6061,5245,1648,6335,0,0,142.0,False,
15,2025-09-18,6992,6246,2701,5673,0,0,242.0,False,
15,2025-09-17,4302,3556,2142,6203,0,0,215.0,False,
15,2025-09-16,8053,7076,2851,5347,0,0,0.0,False,
15,2025-09-15,6432,5718,2168,5587,0,0,247.0,False,
15,2025-09-14,6197,5457,1606,5514,0,0,197.0,False,
15,2025-09-13,4429,3673,2645,5942,0,0,233.0,False,
15,2025-09-12,6297,5427,1967,5458,0,0,70.0,False,
15,2025-09-11,7674,6793,2780,4698,0,0,87.0,False,
15,2025-09-10,7275,6363,2738,4642,0,0,108.0,False,
15,2025-09-09,5761,5040,2121,6315,0,0,249.0,False,
15,2025-09-08,6550,5682,2547,4875,0,0,112.0,False,
15,2025-09-07,8191,7428,2644,6999,0,0,223.0,False,
15,2025-09-06,5962,5215,2399,5810,0,0,240.0,False,
15,2025-09-05,4570,3728,2349,5893,0,0,153.0,False,
15,2025-09-04,5691,4957,2784,6817,0,0,244.0,False,
15,2025-09-03,6405,5642,1901,4490,0,0,239.0,False,
15,2025-09-02,5588,4851,2226,5032,0,0,244.0,False,
15,2025-09-01,7854,7142,1495,4917,0,0,253.0,False,
15,2025-08-31,8116,7271,2509,5410,0,0,117.0,False,
15,2025-08-30,6251,5362,2250,5145,0,0,103.0,False,
15,2025-08-29,7655,6646,2390,5405,0,0,0.0,False,
15,2025-08-28,5026,4284,2560,5495,0,0,227.0,False,
15,2025-08-27,8278,7493,2503,4559,0,0,227.0,False,
15,2025-08-26,6925,5965,1486,4375,0,0,2.0,False,
15,2025-08-25,6328,5581,2617,5580,0,0,233.0,False,
15,2025-08-24,5991,5290,1632,4562,0,0,242.0,False,
15,2025-08-23,6689,5923,2621,4942,0,0,210.0,False,
15,2025-08-22,4648,3821,2451,6033,0,0,171.0,False,
16,2025-09-21,6079,5268,2212,5725,0,0,267.0,False,
16,2025-09-20,6887,5794,1839,4523,0,0,0.0,False,
16,2025-09-19,7111,6327,2479,5552,0,0,268.0,False,
16,2025-09-18,8457,7562,1818,6638,0,0,93.0,False,
16,2025-09-17,6434,5554,2067,7398,0,0,176.0,False,
16,2025-09-16,4701,3915,2069,4996,0,0,232.0,False,
16,2025-09-15,8151,7137,2111,4528,0,0,0.0,False,
16,2025-09-14,8578,7674,1613,7141,0,0,96.0,False,
16,2025-09-13,8718,7953,1860,7007,0,0,260.0,False,
16,2025-09-12,6785,5917,2009,6489,0,0,190.0,False,
16,2025-09-11,5947,4879,1579,6487,0,0,0.0,False,
16,2025-09-10,8432,7341,2246,5272,0,0,0.0,False,
16,2025-09-09,5256,4239,2803,5289,0,0,0.0,False,
16,2025-09-08,7368,6558,1796,6997,0,0,253.0,False,
16,2025-09-07,5394,4640,1674,6350,0,0,263.0,False,
16,2025-09-06,5337,4354,2891,4647,0,0,60.0,False,
16,2025-09-05,5580,4794,1824,5462,0,0,242.0,False,
16,2025-09-04,5374,4596,1974,4529,0,0,245.0,False,
16,2025-09-03,5580,4692,2880,6141,0,0,163.0,False,
16,2025-09-02,5835,4766,2668,7152,0,0,0.0,False,
16,2025-09-01,6985,5893,2878,6095,0,0,0.0,False,
16,2025-08-31,6134,5124,1706,6474,0,0,0.0,False,
16,2025-08-30,8738,7651,2440,5012,0,0,0.0,False,
16,2025-08-29,7733,6727,2143,5460,0,0,0.0,False,
16,2025-08-28,5466,4416,2013,4837,0,0,0.0,False,
16,2025-08-27,6264,5480,2778,7118,0,0,254.0,False,
16,2025-08-26,6481,5655,1849,6865,0,0,233.0,False,
16,2025-08-25,7306,6446,1817,6910,0,0,193.0,False,
16,2025-08-24,7091,6344,2385,5834,0,0,264.0,False,
16,2025-08-23,8304,7511,2417,6181,0,0,223.0,False,
16,2025-08-22,5158,4218,2254,6012,0,0,89.0,False,
17,2025-09-21,1963,1654,557,2592,0,0,82.0,False,
17,2025-09-20,2417,2129,1061,2382,0,0,87.0,False,
17,2025-09-19,2209,1914,836,2533,0,0,97.0,False,
17,2025-09-18,2806,2517,977,2313,0,0,88.0,False,
17,2025-09-17,2280,1871,714,2433,0,0,0.0,False,
17,2025-09-16,3193,2911,838,2342,0,0,91.0,False,
17,2025-09-15,2309,2002,571,1900,0,0,88.0,False,
17,2025-09-14,2717,2431,947,2669,0,0,89.0,False,
17,2025-09-13,3031,2743,846,2603,0,0,86.0,False,
17,2025-09-12,1676,1326,686,2699,0,0,18.0,False,
17,2025-09-11,2961,2651,839,2280,0,0,92.0,False,
17,2025-09-10,2488,2120,670,2295,0,0,3.0,False,
17,2025-09-09,3135,2881,581,2638,0,0,100.0,False,
17,2025-09-08,2953,2565,641,2126,0,0,0.0,False,
17,2025-09-07,1931,1609,894,1968,0,0,66.0,False,
17,2025-09-06,2818,2537,995,2113,0,0,92.0,False,
17,2025-09-05,3200,2851,645,2714,0,0,34.0,False,
17,2025-09-04,3191,2898,567,1649,0,0,93.0,False,
17,2025-09-03,2409,2133,748,2641,0,0,97.0,False,
17,2025-09-02,3212,2878,936,1807,0,0,57.0,False,
17,2025-09-01,3093,2807,1040,2595,0,0,86.0,False,
17,2025-08-31,2697,2340,713,1716,0,0,16.0,False,
17,2025-08-30,2088,1681,1070,2472,0,0,0.0,False,
17,2025-08-29,2754,2362,978,2341,0,0,0.0,False,
17,2025-08-28,1736,1462,958,1865,0,0,97.0,False,
17,2025-08-27,2315,2009,579,2599,0,0,71.0,False,
17,2025-08-26,2010,1660,670,1773,0,0,44.0,False,
17,2025-08-25,2572,2294,880,2161,0,0,83.0,False,
17,2025-08-24,2407,2027,633,1954,0,0,6.0,False,
17,2025-08-23,1989,1599,867,2722,0,0,18.0,False,
17,2025-08-22,2698,2370,696,1884,0,0,44.0,False,
18,2025-09-21,5286,4786,1478,4058,0,0,170.0,False,
18,2025-09-20,5527,4983,1866,3165,0,0,165.0,False,
18,2025-09-19,4629,4108,1817,4070,0,0,152.0,False,
18,2025-09-18,3930,3402,1857,3050,0,0,173.0,False,
18,2025-09-17,4790,4252,1586,3349,0,0,178.0,False,
18,2025-09-16,3413,2872,1678,3200,0,0,122.0,False,
18,2025-09-15,4422,3768,1120,4349,0,0,26.0,False,
18,2025-09-14,3200,2638,1769,3817,0,0,121.0,False,
18,2025-09-13,4562,3930,1653,4691,0,0,54.0,False,
18,2025-09-12,5091,4454,1719,3996,0,0,34.0,False,
18,2025-09-11,3040,2458,1813,4345,0,0,109.0,False,
18,2025-09-10,4075,3571,1301,4698,0,0,178.0,False,
18,2025-09-09,5285,4650,1614,3262,0,0,31.0,False,
18,2025-09-08,4303,3742,1918,3981,0,0,119.0,False,
18,2025-09-07,5212,4718,1141,4249,0,0,169.0,False,
18,2025-09-06,4788,4252,1229,4078,0,0,158.0,False,
18,2025-09-05,3061,2547,1657,3894,0,0,165.0,False,
18,2025-09-04,5326,4659,994,4806,0,0,1.0,False,
18,2025-09-03,3408,2843,1078,4706,0,0,128.0,False,
18,2025-09-02,3151,2635,1863,3776,0,0,170.0,False,
18,2025-09-01,5856,5261,1819,3505,0,0,81.0,False,
18,2025-08-31,3390,2719,1320,3689,0,0,1.0,False,
18,2025-08-30,3054,2516,1648,4138,0,0,164.0,False,
18,2025-08-29,3807,3117,1870,4510,0,0,0.0,False,
18,2025-08-28,4757,4187,1584,3307,0,0,111.0,False,
18,2025-08-27,3807,3297,1276,4727,0,0,173.0,False,
18,2025-08-26,4618,4105,1083,4629,0,0,159.0,False,
18,2025-08-25,5628,5138,1484,3203,0,0,164.0,False,
18,2025-08-24,3390,2820,1322,3189,0,0,121.0,False,
18,2025-08-23,3936,3435,1075,4435,0,0,175.0,False,
18,2025-08-22,3137,2483,1601,4892,0,0,7.0,False,
19,2025-09-21,122690,107352,26561,95710,0,0,0.0,False,
19,2025-09-20,118201,105944,39289,83329,0,0,2180.0,False,
19,2025-09-19,72923,57023,24448,95290,0,0,0.0,False,
19,2025-09-18,110631,97500,29102,70083,0,0,1249.0,False,
19,2025-09-17,67612,50984,30366,93272,0,0,0.0,False,
19,2025-09-16,101158,87192,41574,93264,0,0,428.0,False,
19,2025-09-15,93019,77355,34781,99712,0,0,0.0,False,
19,2025-09-14,119502,105815,32527,65612,0,0,764.0,False,
19,2025-09-13,95276,82316,30402,79389,0,0,1349.0,False,
19,2025-09-12,116692,99775,23334,65199,0,0,0.0,False,
19,2025-09-11,70408,52756,23315,70324,0,0,0.0,False,
19,2025-09-10,115604,101060,30858,88249,0,0,0.0,False,
19,2025-09-09,78740,63600,37770,104061,0,0,0.0,False,
19,2025-09-08,113471,98477,21451,94470,0,0,0.0,False,
19,2025-09-07,110105,95137,28614,93368,0,0,0.0,False,
19,2025-09-06,106932,90708,35575,92588,0,0,0.0,False,
19,2025-09-05,90426,72968,22406,89096,0,0,0.0,False,
19,2025-09-04,107437,92378,41689,64597,0,0,0.0,False,
19,2025-09-03,106693,91378,21532,73701,0,0,0.0,False,
19,2025-09-02,100171,87681,26298,79677,0,0,2000.0,False,
19,2025-09-01,104321,87864,36331,83571,0,0,0.0,False,
19,2025-08-31,98492,80926,37908,86898,0,0,0.0,False,
19,2025-08-30,92629,80687,28013,86648,0,0,2464.0,False,
19,2025-08-29,73604,58916,38538,101968,0,0,0.0,False,
19,2025-08-28,86644,72383,28243,74166,0,0,82.0,False,
19,2025-08-27,74578,61455,34068,63097,0,0,1364.0,False,
19,2025-08-26,70749,53960,30350,63525,0,0,0.0,False,
19,2025-08-25,63327,49819,36790,62989,0,0,941.0,False,
19,2025-08-24,84180,69857,34716,91259,0,0,68.0,False,
19,2025-08-23,119796,103442,34955,99917,0,0,0.0,False,
19,2025-08-22,84690,69971,24717,90967,0,0,0.0,False,
20,2025-09-21,46042,37538,23007,41887,0,0,0.0,False,
20,2025-09-20,72758,63476,16061,63538,0,0,192.0,False,
20,2025-09-19,79953,71713,25675,58400,0,0,1297.0,False,
20,2025-09-18,63038,52041,25473,58203,0,0,0.0,False,
20,2025-09-17,81589,70371,26319,69146,0,0,0.0,False,
20,2025-09-16,46373,34393,16403,52208,0,0,0.0,False,
20,2025-09-15,81420,73624,26051,57155,0,0,1754.0,False,
20,2025-09-14,75122,62712,23717,43042,0,0,0.0,False,
20,2025-09-13,82289,73673,25371,67756,0,0,0.0,False,
20,2025-09-12,70310,59380,15038,57608,0,0,0.0,False,
20,2025-09-11,77651,67829,15488,68724,0,0,0.0,False,
20,2025-09-10,43545,33015,15115,50542,0,0,0.0,False,
20,2025-09-09,61450,53027,18541,64383,0,0,1053.0,False,
20,2025-09-08,83015,72119,15222,46860,0,0,0.0,False,
20,2025-09-07,53056,43674,22757,48544,0,0,39.0,False,
20,2025-09-06,74754,65753,25157,68787,0,0,340.0,False,
20,2025-09-05,51913,39030,17583,65624,0,0,0.0,False,
20,2025-09-04,56775,46703,26456,63298,0,0,0.0,False,
20,2025-09-03,61974,52405,22217,67007,0,0,0.0,False,
20,2025-09-02,61721,50517,25649,43926,0,0,0.0,False,
20,2025-09-01,47639,37920,27002,64450,0,0,0.0,False,
20,2025-08-31,63750,55142,18942,56904,0,0,857.0,False,
20,2025-08-30,57738,44876,18573,63950,0,0,0.0,False,
20,2025-08-29,77564,68065,16126,62889,0,0,0.0,False,
20,2025-08-28,72994,61184,14031,57478,0,0,0.0,False,
20,2025-08-27,77542,65373,23393,62319,0,0,0.0,False,
20,2025-08-26,68086,58849,26118,58665,0,0,0.0,False,
20,2025-08-25,69420,60580,19215,61721,0,0,745.0,False,
20,2025-08-24,73912,63127,26575,60427,0,0,0.0,False,
20,2025-08-23,44915,37244,26524,68326,0,0,1163.0,False,
20,2025-08-22,61454,49095,25631,46016,0,0,0.0,False,
21,2025-09-21,137605,116241,41622,116099,0,0,0.0,False,
21,2025-09-20,172151,153505,67497,128798,0,0,5265.0,False,
21,2025-09-19,117039,92305,54805,126840,0,0,0.0,False,
21,2025-09-18,160898,129836,50395,117011,0,0,0.0,False,
21,2025-09-17,112510,85485,49953,124566,0,0,0.0,False,
21,2025-09-16,164580,144717,35407,105595,0,0,4010.0,False,
21,2025-09-15,140239,120635,57036,137926,0,0,4030.0,False,
21,2025-09-14,186859,165502,53021,162077,0,0,2086.0,False,
21,2025-09-13,164282,133974,43411,152369,0,0,0.0,False,
21,2025-09-12,164712,143730,62781,111338,0,0,2611.0,False,
21,2025-09-11,201620,176949,36036,107372,0,0,0.0,False,
21,2025-09-10,108051,83112,47184,125590,0,0,0.0,False,
21,2025-09-09,142742,118710,54744,126888,0,0,0.0,False,
21,2025-09-08,127212,106674,34576,128086,0,0,3104.0,False,
21,2025-09-07,135945,104317,67906,163190,0,0,0.0,False,
21,2025-09-06,117927,91059,42462,157496,0,0,0.0,False,
21,2025-09-05,183314,164405,49868,143846,0,0,5012.0,False,
21,2025-09-04,173844,150014,65514,110654,0,0,0.0,False,
21,2025-09-03,189573,166000,51957,141768,0,0,0.0,False,
21,2025-09-02,179621,156135,47451,155168,0,0,0.0,False,
21,2025-09-01,170785,141361,34809,127552,0,0,0.0,False,
21,2025-08-31,150159,133653,59260,115988,0,0,4579.0,False,
21,2025-08-30,145451,120974,56661,123788,0,0,0.0,False,
21,2025-08-29,164727,147743,43206,168645,0,0,4039.0,False,
21,2025-08-28,157131,136150,48725,158614,0,0,2587.0,False,
21,2025-08-27,193737,162771,41064,163854,0,0,0.0,False,
21,2025-08-26,111164,84332,45872,150312,0,0,0.0,False,
21,2025-08-25,122687,91307,64157,123092,0,0,0.0,False,
21,2025-08-24,165573,141657,61578,110816,0,0,0.0,False,
21,2025-08-23,123468,94411,34553,111858,0,0,0.0,False,
21,2025-08-22,181737,155926,47915,123666,0,0,0.0,False,
22,2025-09-21,1169,995,442,1180,0,0,38.0,False,
22,2025-09-20,1789,1568,314,1283,0,0,0.0,False,
22,2025-09-19,991,848,333,1348,0,0,53.0,False,
22,2025-09-18,1792,1594,368,1182,0,0,0.0,False,
22,2025-09-17,1084,933,492,1076,0,0,45.0,False,
22,2025-09-16,1705,1503,526,961,0,0,25.0,False,
22,2025-09-15,1408,1258,340,1004,0,0,54.0,False,
22,2025-09-14,1122,930,568,1267,0,0,15.0,False,
22,2025-09-13,1042,876,353,1387,0,0,50.0,False,
22,2025-09-12,1402,1244,499,1320,0,0,52.0,False,
22,2025-09-11,1365,1171,351,959,0,0,13.0,False,
22,2025-09-10,1169,955,537,955,0,0,0.0,False,
22,2025-09-09,1065,903,524,1184,0,0,51.0,False,
22,2025-09-08,1409,1210,590,1394,0,0,32.0,False,
22,2025-09-07,1212,1003,397,1111,0,0,0.0,False,
22,2025-09-06,1265,1058,490,1498,0,0,0.0,False,
22,2025-09-05,1359,1212,368,1283,0,0,56.0,False,
22,2025-09-04,1392,1235,546,1274,0,0,55.0,False,
22,2025-09-03,1173,999,549,1288,0,0,36.0,False,
22,2025-09-02,1577,1382,527,1135,0,0,10.0,False,
22,2025-09-01,1101,904,409,1365,0,0,21.0,False,
22,2025-08-31,1706,1478,602,1410,0,0,0.0,False,
22,2025-08-30,983,822,533,1468,0,0,48.0,False,
22,2025-08-29,1361,1159,558,1044,0,0,10.0,False,
22,2025-08-28,1723,1516,426,1469,0,0,4.0,False,
22,2025-08-27,1337,1163,462,953,0,0,25.0,False,
22,2025-08-26,1292,1082,601,1184,0,0,15.0,False,
22,2025-08-25,1563,1398,394,1416,0,0,51.0,False,
22,2025-08-24,1320,1169,413,1462,0,0,49.0,False,
22,2025-08-23,934,725,491,1315,0,0,0.0,False,
22,2025-08-22,1653,1466,607,1287,0,0,20.0,False,
23,2025-09-21,203448,177178,52269,127543,0,0,0.0,False,
23,2025-09-20,199799,175406,37642,115937,0,0,19.0,False,
23,2025-09-19,184999,164435,68883,141877,0,0,4365.0,False,
23,2025-09-18,159725,139945,66135,120971,0,0,5259.0,False,
23,2025-09-17,195888,176506,57349,157588,0,0,5661.0,False,
23,2025-09-16,188256,163224,65391,173473,0,0,0.0,False,
23,2025-09-15,132610,114403,42864,132712,0,0,6510.0,False,
23,2025-09-14,118896,90690,40707,117237,0,0,0.0,False,
23,2025-09-13,163295,144829,57110,130263,0,0,6328.0,False,
23,2025-09-12,145216,121952,58535,153648,0,0,1512.0,False,
23,2025-09-11,117476,97438,51204,130079,0,0,4989.0,False,
23,2025-09-10,201076,179684,52556,165962,0,0,3250.0,False,
23,2025-09-09,117457,88790,40177,172006,0,0,0.0,False,
23,2025-09-08,201628,182636,67303,145940,0,0,5945.0,False,
23,2025-09-07,202425,181310,54428,169253,0,0,3744.0,False,
23,2025-09-06,194257,166743,38029,117470,0,0,0.0,False,
23,2025-09-05,127774,104789,62441,167052,0,0,1728.0,False,
23,2025-09-04,128560,109482,58244,122697,0,0,5842.0,False,
23,2025-09-03,169074,148924,38711,169319,0,0,4798.0,False,
23,2025-09-02,184192,162313,65681,117993,0,0,3007.0,False,
23,2025-09-01,140091,114521,36849,171167,0,0,0.0,False,
23,2025-08-31,170300,143946,45979,167536,0,0,0.0,False,
23,2025-08-30,180020,160922,41053,150487,0,0,5808.0,False,
23,2025-08-29,204580,185146,52435,142550,0,0,5646.0,False,
23,2025-08-28,167727,145973,61220,128406,0,0,3145.0,False,
23,2025-08-27,153197,129932,64267,147415,0,0,1313.0,False,
23,2025-08-26,150490,132021,41486,159827,0,0,6430.0,False,
23,2025-08-25,159594,132870,58029,165468,0,0,0.0,False,
23,2025-08-24,152694,125088,49768,124479,0,0,0.0,False,
23,2025-08-23,211751,189127,54529,110549,0,0,2205.0,False,
23,2025-08-22,211360,191979,63259,161908,0,0,5609.0,False,
24,2025-09-21,71354,60965,17935,77729,0,0,1601.0,False,
24,2025-09-20,90198,79388,21756,82401,0,0,1211.0,False,
24,2025-09-19,89504,80436,21981,53879,0,0,2955.0,False,
24,2025-09-18,63497,52219,33179,78221,0,0,696.0,False,
24,2025-09-17,79105,64958,20687,82202,0,0,0.0,False,
24,2025-09-16,91410,80047,29681,57057,0,0,680.0,False,
24,2025-09-15,70596,61612,29041,82128,0,0,3101.0,False,
24,2025-09-14,70168,58181,22073,72253,0,0,40.0,False,
24,2025-09-13,87395,75007,30465,55233,0,0,0.0,False,
24,2025-09-12,100291,90942,30463,84578,0,0,2767.0,False,
24,2025-09-11,60581,49460,31472,58486,0,0,887.0,False,
24,2025-09-10,99071,87979,17934,69212,0,0,1006.0,False,
24,2025-09-09,63276,51248,21967,59374,0,0,0.0,False,
24,2025-09-08,54988,43434,20335,72726,0,0,385.0,False,
24,2025-09-07,70604,58922,21300,71619,0,0,252.0,False,
24,2025-09-06,89115,77204,33745,54515,0,0,160.0,False,
24,2025-09-05,74310,65150,17633,59341,0,0,2933.0,False,
24,2025-09-04,90664,81783,20481,56697,0,0,3047.0,False,
24,2025-09-03,61546,52595,20701,85704,0,0,3024.0,False,
24,2025-09-02,74325,64669,24782,55798,0,0,2571.0,False,
24,2025-09-01,101757,92767,31107,71440,0,0,3059.0,False,
24,2025-08-31,81666,72754,28814,62866,0,0,3104.0,False,
24,2025-08-30,63672,52710,28187,69385,0,0,1076.0,False,
24,2025-08-29,68617,54740,30656,60437,0,0,0.0,False,
24,2025-08-28,92635,82407,31000,57129,0,0,1837.0,False,
24,2025-08-27,68009,58770,25954,57595,0,0,2822.0,False,
24,2025-08-26,103598,90718,28387,77311,0,0,0.0,False,
24,2025-08-25,76561,67369,31478,75708,0,0,2918.0,False,
24,2025-08-24,74192,62737,27824,60260,0,0,559.0,False,
24,2025-08-23,78734,69808,25957,87355,0,0,3128.0,False,
24,2025-08-22,69934,60803,30049,72012,0,0,2935.0,False,
25,2025-09-21,8459,7182,2673,5784,0,0,11.0,False,
25,2025-09-20,6316,5125,3119,7165,0,0,44.0,False,
25,2025-09-19,9911,8851,2569,8074,0,0,244.0,False,
25,2025-09-18,9837,8885,3033,6258,0,0,328.0,False,
25,2025-09-17,8274,7280,1891,6632,0,0,308.0,False,
25,2025-09-16,6066,4869,3180,7679,0,0,28.0,False,
25,2025-09-15,8057,6896,1900,6935,0,0,86.0,False,
25,2025-09-14,10232,9171,2070,5657,0,0,176.0,False,
25,2025-09-13,7896,6861,3252,9111,0,0,223.0,False,
25,2025-09-12,9105,8118,2121,5712,0,0,294.0,False,
25,2025-09-11,10429,9089,2119,7855,0,0,0.0,False,
25,2025-09-10,9971,8923,3404,8550,0,0,230.0,False,
25,2025-09-09,10295,9285,2125,6387,0,0,278.0,False,
25,2025-09-08,7951,6703,2221,9119,0,0,4.0,False,
25,2025-09-07,6867,5547,3340,7521,0,0,0.0,False,
25,2025-09-06,10273,9370,2041,8515,0,0,335.0,False,
25,2025-09-05,9573,8480,2591,7391,0,0,176.0,False,
25,2025-09-04,9585,8442,2504,8756,0,0,112.0,False,
25,2025-09-03,7037,5679,3613,8130,0,0,0.0,False,
25,2025-09-02,6805,5733,2983,7392,0,0,235.0,False,
25,2025-09-01,8590,7565,3201,6794,0,0,265.0,False,
25,2025-08-31,8663,7672,2509,5828,0,0,291.0,False,
25,2025-08-30,5648,4575,2290,9116,0,0,184.0,False,
25,2025-08-29,7232,5904,2004,7098,0,0,0.0,False,
25,2025-08-28,6787,5801,3605,8719,0,0,291.0,False,
25,2025-08-27,8035,7077,3167,6794,0,0,303.0,False,
25,2025-08-26,5826,4843,2710,9077,0,0,270.0,False,
25,2025-08-25,7679,6728,3032,8934,0,0,295.0,False,
25,2025-08-24,6655,5629,3418,8666,0,0,247.0,False,
25,2025-08-23,5522,4222,2145,6014,0,0,0.0,False,
25,2025-08-22,7203,6280,2713,5633,0,0,336.0,False,
26,2025-09-21,453503,393762,183389,363830,0,0,9089.0,False,
26,2025-09-20,372513,313347,133111,490118,0,0,9993.0,False,
26,2025-09-19,589790,516211,153618,443412,0,0,0.0,False,
26,2025-09-18,483559,411389,153052,463687,0,0,0.0,False,
26,2025-09-17,500522,438182,174468,499012,0,0,6471.0,False,
26,2025-09-16,369899,310569,117757,483396,0,0,9559.0,False,
26,2025-09-15,576768,498225,167403,435659,0,0,0.0,False,
26,2025-09-14,335763,271382,101845,307860,0,0,979.0,False,
26,2025-09-13,575774,491549,127749,409755,0,0,0.0,False,
26,2025-09-12,533278,447487,138637,437520,0,0,0.0,False,
26,2025-09-11,440734,352142,187501,300281,0,0,0.0,False,
26,2025-09-10,306145,238619,179688,341835,0,0,840.0,False,
26,2025-09-09,528675,439351,161102,455614,0,0,0.0,False,
26,2025-09-08,587462,503190,101720,339660,0,0,0.0,False,
26,2025-09-07,310153,253835,164595,364559,0,0,12840.0,False,
26,2025-09-06,519236,451630,166375,348614,0,0,0.0,False,
26,2025-09-05,524666,469805,138258,483623,0,0,14632.0,False,
26,2025-09-04,471326,395754,113659,450298,0,0,0.0,False,
26,2025-09-03,532348,458005,141152,396429,0,0,0.0,False,
26,2025-09-02,589295,499174,154083,354630,0,0,0.0,False,
26,2025-09-01,320928,259349,137645,375911,0,0,7418.0,False,
26,2025-08-31,365151,301676,149747,443014,0,0,1512.0,False,
26,2025-08-30,465264,387000,176163,417363,0,0,0.0,False,
26,2025-08-29,476484,412793,109747,480858,0,0,4790.0,False,
26,2025-08-28,330969,254425,187512,403671,0,0,0.0,False,
26,2025-08-27,512146,436864,124488,442491,0,0,0.0,False,
26,2025-08-26,595180,507502,166770,348985,0,0,0.0,False,
26,2025-08-25,469647,380235,102735,428721,0,0,0.0,False,
26,2025-08-24,445236,375746,146087,312001,0,0,0.0,False,
26,2025-08-23,591908,522523,196382,393700,0,0,0.0,False,
26,2025-08-22,330144,267810,116968,371956,0,0,6120.0,False,
27,2025-09-21,19556,16778,8015,24599,0,0,726.0,False,
27,2025-09-20,26784,22842,7528,22373,0,0,0.0,False,
27,2025-09-19,28755,25836,7252,25166,0,0,586.0,False,
27,2025-09-18,22057,18537,9642,23193,0,0,0.0,False,
27,2025-09-17,20124,15646,7032,16463,0,0,0.0,False,
27,2025-09-16,25295,21585,9504,21822,0,0,0.0,False,
27,2025-09-15,16677,12218,8752,24567,0,0,0.0,False,
27,2025-09-14,21986,17681,8300,19792,0,0,0.0,False,
27,2025-09-13,27988,24779,5229,20390,0,0,268.0,False,
27,2025-09-12,26328,21837,5886,20751,0,0,0.0,False,
27,2025-09-11,22745,19698,8246,15419,0,0,430.0,False,
27,2025-09-10,21511,18706,9837,16870,0,0,737.0,False,
27,2025-09-09,29651,25224,9985,24055,0,0,0.0,False,
27,2025-09-08,15522,12532,5612,21067,0,0,478.0,False,
27,2025-09-07,27858,24517,8666,23494,0,0,0.0,False,
27,2025-09-06,15816,12906,9808,24116,0,0,583.0,False,
27,2025-09-05,25517,21556,7525,15170,0,0,0.0,False,
27,2025-09-04,19854,16446,8679,21204,0,0,0.0,False,
27,2025-09-03,23723,20741,7144,17028,0,0,478.0,False,
27,2025-09-02,22871,19903,6880,17028,0,0,517.0,False,
27,2025-09-01,28035,24743,8658,22346,0,0,168.0,False,
27,2025-08-31,16633,12615,5636,22086,0,0,0.0,False,
27,2025-08-30,22067,19313,8434,22205,0,0,753.0,False,
27,2025-08-29,26943,22287,8324,16800,0,0,0.0,False,
27,2025-08-28,20266,16193,6981,21019,0,0,0.0,False,
27,2025-08-27,16201,12049,10026,24595,0,0,0.0,False,
27,2025-08-26,16957,14113,5685,21613,0,0,374.0,False,
27,2025-08-25,29696,25884,9064,23596,0,0,0.0,False,
27,2025-08-24,24193,21052,7480,22228,0,0,316.0,False,
27,2025-08-23,23128,20608,6031,20436,0,0,254.0,False,
27,2025-08-22,23136,19269,8504,16962,0,0,0.0,False,
28,2025-09-21,206678,175197,70275,173948,0,0,0.0,False,
28,2025-09-20,243980,219044,77208,164918,0,0,6695.0,False,
28,2025-09-19,207843,175624,49153,154654,0,0,0.0,False,
28,2025-09-18,167487,141943,72895,155256,0,0,6058.0,False,
28,2025-09-17,226611,195327,76968,200363,0,0,0.0,False,
28,2025-09-16,178571,149107,52273,172587,0,0,1897.0,False,
28,2025-09-15,162651,128214,67059,225895,0,0,0.0,False,
28,2025-09-14,184635,146504,75290,155500,0,0,0.0,False,
28,2025-09-13,191647,161173,62683,189480,0,0,855.0,False,
28,2025-09-12,201731,163417,50748,186534,0,0,0.0,False,
28,2025-09-11,224383,198874,66953,217019,0,0,6120.0,False,
28,2025-09-10,260882,235544,53336,210311,0,0,6313.0,False,
28,2025-09-09,266964,228719,81507,211410,0,0,0.0,False,
28,2025-09-08,169554,140973,53663,143599,0,0,2650.0,False,
28,2025-09-07,269345,244031,68786,192157,0,0,6251.0,False,
28,2025-09-06,207540,180481,71763,226566,0,0,4578.0,False,
28,2025-09-05,145809,113276,77357,168800,0,0,0.0,False,
28,2025-09-04,160206,133188,46110,222652,0,0,4697.0,False,
28,2025-09-03,191365,166527,76252,219896,0,0,6861.0,False,
28,2025-09-02,189770,152942,54597,176345,0,0,0.0,False,
28,2025-09-01,198959,167718,67543,201947,0,0,0.0,False,
28,2025-08-31,245763,220381,46122,211900,0,0,6106.0,False,
28,2025-08-30,180997,147015,52825,204689,0,0,0.0,False,
28,2025-08-29,198739,166261,46174,158983,0,0,0.0,False,
28,2025-08-28,150791,125048,70480,172275,0,0,5941.0,False,
28,2025-08-27,147419,117268,70770,149248,0,0,1020.0,False,
28,2025-08-26,217283,188122,52664,203458,0,0,2110.0,False,
28,2025-08-25,239919,207717,91021,203152,0,0,0.0,False,
28,2025-08-24,156699,125391,78054,142527,0,0,0.0,False,
28,2025-08-23,188970,162276,85326,162959,0,0,4909.0,False,
28,2025-08-22,207007,177904,50405,202004,0,0,2082.0,False,
29,2025-09-21,1025,911,356,582,0,0,18.0,False,
29,2025-09-20,618,509,356,821,0,0,21.0,False,
29,2025-09-19,1051,926,348,656,0,0,4.0,False,
29,2025-09-18,727,595,349,586,0,0,0.0,False,
29,2025-09-17,664,513,321,725,0,0,0.0,False,
29,2025-09-16,719,618,286,918,0,0,26.0,False,
29,2025-09-15,930,829,251,716,0,0,30.0,False,
29,2025-09-14,1032,892,213,586,0,0,0.0,False,
29,2025-09-13,1063,959,354,809,0,0,14.0,False,
29,2025-09-12,1062,962,263,906,0,0,31.0,False,
29,2025-09-11,719,555,236,818,0,0,0.0,False,
29,2025-09-10,787,647,284,798,0,0,0.0,False,
29,2025-09-09,606,459,193,666,0,0,0.0,False,
29,2025-09-08,890,791,192,693,0,0,32.0,False,
29,2025-09-07,651,550,273,769,0,0,28.0,False,
29,2025-09-06,961,862,322,848,0,0,35.0,False,
29,2025-09-05,1073,971,378,737,0,0,31.0,False,
29,2025-09-04,640,526,245,935,0,0,13.0,False,
29,2025-09-03,676,538,330,775,0,0,0.0,False,
29,2025-09-02,1082,944,304,846,0,0,0.0,False,
29,2025-09-01,970,858,267,828,0,0,17.0,False,
29,2025-08-31,1033,916,194,611,0,0,13.0,False,
29,2025-08-30,579,449,306,664,0,0,0.0,False,
29,2025-08-29,1119,1018,302,643,0,0,32.0,False,
29,2025-08-28,1015,906,258,705,0,0,33.0,False,
29,2025-08-27,763,670,375,593,0,0,27.0,False,
29,2025-08-26,793,695,369,943,0,0,32.0,False,
29,2025-08-25,1036,890,371,879,0,0,0.0,False,
29,2025-08-24,939,851,212,588,0,0,32.0,False,
29,2025-08-23,1094,962,371,809,0,0,0.0,False,
29,2025-08-22,791,664,359,823,0,0,0.0,False,
30,2025-09-21,2500,2134,771,1979,0,0,0.0,False,
30,2025-09-20,3157,2847,863,2133,0,0,45.0,False,
30,2025-09-19,1971,1643,917,1695,0,0,44.0,False,
30,2025-09-18,1831,1523,722,2119,0,0,41.0,False,
30,2025-09-17,2368,2087,749,1659,0,0,74.0,False,
30,2025-09-16,2902,2591,711,2577,0,0,45.0,False,
30,2025-09-15,2569,2166,708,2414,0,0,0.0,False,
30,2025-09-14,1877,1480,750,1714,0,0,0.0,False,
30,2025-09-13,2925,2582,728,2601,0,0,38.0,False,
30,2025-09-12,2497,2113,766,2270,0,0,0.0,False,
30,2025-09-11,2369,2009,550,2617,0,0,0.0,False,
30,2025-09-10,2083,1644,861,2013,0,0,0.0,False,
30,2025-09-09,2296,1988,819,1641,0,0,46.0,False,
30,2025-09-08,2764,2447,616,2155,0,0,60.0,False,
30,2025-09-07,2676,2277,635,2217,0,0,0.0,False,
30,2025-09-06,2637,2349,545,1872,0,0,49.0,False,
30,2025-09-05,2681,2259,711,1779,0,0,0.0,False,
30,2025-09-04,2170,1822,694,2156,0,0,12.0,False,
30,2025-09-03,2213,1879,800,2371,0,0,32.0,False,
30,2025-09-02,2247,1781,763,1639,0,0,0.0,False,
30,2025-09-01,1899,1432,633,1840,0,0,0.0,False,
30,2025-08-31,2858,2539,982,1941,0,0,42.0,False,
30,2025-08-30,2871,2510,1037,2493,0,0,7.0,False,
30,2025-08-29,1770,1331,1028,1607,0,0,0.0,False,
30,2025-08-28,1759,1438,633,1947,0,0,56.0,False,
30,2025-08-27,1710,1218,1008,2579,0,0,0.0,False,
30,2025-08-26,1932,1668,876,1685,0,0,75.0,False,
30,2025-08-25,2768,2305,774,1848,0,0,0.0,False,
30,2025-08-24,1715,1249,542,1919,0,0,0.0,False,
30,2025-08-23,2969,2489,853,1732,0,0,0.0,False,
30,2025-08-22,1650,1320,828,2265,0,0,42.0,False,
31,2025-09-21,1130,947,311,1249,0,0,0.0,False,
31,2025-09-20,980,755,334,1204,0,0,0.0,False,
31,2025-09-19,1530,1336,422,1349,0,0,9.0,False,
31,2025-09-18,1227,978,371,951,0,0,0.0,False,
31,2025-09-17,1140,904,394,1349,0,0,0.0,False,
31,2025-09-16,1724,1485,362,1377,0,0,0.0,False,
31,2025-09-15,974,711,577,1203,0,0,0.0,False,
31,2025-09-14,1308,1077,469,1242,0,0,0.0,False,
31,2025-09-13,887,722,406,1330,0,0,43.0,False,
31,2025-09-12,930,676,373,1206,0,0,0.0,False,
31,2025-09-11,1299,1060,570,1010,0,0,0.0,False,
31,2025-09-10,987,736,449,1191,0,0,0.0,False,
31,2025-09-09,1211,963,387,885,0,0,0.0,False,
31,2025-09-08,1034,837,297,1225,0,0,4.0,False,
31,2025-09-07,903,695,366,1316,0,0,0.0,False,
31,2025-09-06,1575,1323,512,1070,0,0,0.0,False,
31,2025-09-05,1493,1231,546,1438,0,0,0.0,False,
31,2025-09-04,1098,828,532,1162,0,0,0.0,False,
31,2025-09-03,915,734,423,934,0,0,21.0,False,
31,2025-09-02,919,727,350,971,0,0,1.0,False,
31,2025-09-01,1249,1007,472,925,0,0,0.0,False,
31,2025-08-31,1538,1298,335,1289,0,0,0.0,False,
31,2025-08-30,1753,1561,355,1344,0,0,7.0,False,
31,2025-08-29,1244,1008,372,1188,0,0,0.0,False,
31,2025-08-28,1035,804,367,936,0,0,0.0,False,
31,2025-08-27,1654,1490,481,1173,0,0,29.0,False,
31,2025-08-26,1100,858,482,969,0,0,0.0,False,
31,2025-08-25,1634,1406,330,954,0,0,0.0,False,
31,2025-08-24,1531,1367,457,1098,0,0,9.0,False,
31,2025-08-23,1648,1465,428,1168,0,0,25.0,False,
31,2025-08-22,1255,1045,437,1196,0,0,0.0,False,
32,2025-09-21,41554,34832,9261,32739,0,0,0.0,False,
32,2025-09-20,30403,24913,12466,33042,0,0,280.0,False,
32,2025-09-19,29786,24919,9318,38985,0,0,999.0,False,
32,2025-09-18,29235,23556,8871,39627,0,0,72.0,False,
32,2025-09-17,28085,23161,13712,27600,0,0,889.0,False,
32,2025-09-16,31807,25461,14481,28655,0,0,0.0,False,
32,2025-09-15,48028,43384,14752,30944,0,0,1183.0,False,
32,2025-09-14,35135,30235,14297,39204,0,0,844.0,False,
32,2025-09-13,42808,36848,14216,37437,0,0,0.0,False,
32,2025-09-12,32658,25273,10931,39517,0,0,0.0,False,
32,2025-09-11,41359,35257,8669,32853,0,0,0.0,False,
32,2025-09-10,49717,44355,10939,39019,0,0,451.0,False,
32,2025-09-09,34657,28149,8785,26054,0,0,0.0,False,
32,2025-09-08,49203,42288,15692,26881,0,0,0.0,False,
32,2025-09-07,46303,40056,14031,29519,0,0,0.0,False,
32,2025-09-06,50287,42671,15340,33180,0,0,0.0,False,
32,2025-09-05,32891,27082,15846,30088,0,0,0.0,False,
32,2025-09-04,49732,45168,9221,34633,0,0,10.0,False,
32,2025-09-03,50343,43570,15575,25256,0,0,0.0,False,
32,2025-09-02,49009,41645,15579,39278,0,0,0.0,False,
32,2025-09-01,34247,28205,10034,34660,0,0,0.0,False,
32,2025-08-31,43101,36739,9228,37651,0,0,0.0,False,
32,2025-08-30,40771,33255,15133,34647,0,0,0.0,False,
32,2025-08-29,40207,34671,10765,31878,0,0,184.0,False,
32,2025-08-28,31602,25980,15377,41126,0,0,115.0,False,
32,2025-08-27,37954,30558,11246,32602,0,0,0.0,False,
32,2025-08-26,43135,35345,11211,33753,0,0,0.0,False,
32,2025-08-25,38605,32943,14545,27529,0,0,0.0,False,
32,2025-08-24,38279,31141,11338,35783,0,0,0.0,False,
32,2025-08-23,28419,21427,16179,34722,0,0,0.0,False,
32,2025-08-22,44639,39051,15662,33425,0,0,173.0,False,
33,2025-09-21,35970,30954,7584,29264,0,0,0.0,False,
33,2025-09-20,31672,26728,8501,19786,0,0,0.0,False,
33,2025-09-19,35074,30652,10025,22809,0,0,0.0,False,
33,2025-09-18,36594,31681,9689,21371,0,0,0.0,False,
33,2025-09-17,22308,17202,6684,30345,0,0,0.0,False,
33,2025-09-16,34020,29014,7171,19439,0,0,0.0,False,
33,2025-09-15,28071,24291,11497,23742,0,0,376.0,False,
33,2025-09-14,28637,25528,7847,21252,0,0,600.0,False,
33,2025-09-13,28951,25128,11689,24114,0,0,391.0,False,
33,2025-09-12,33354,28656,7823,30572,0,0,0.0,False,
33,2025-09-11,23508,19696,9756,27306,0,0,346.0,False,
33,2025-09-10,26587,23108,9200,20545,0,0,764.0,False,
33,2025-09-09,18812,14116,12080,18790,0,0,0.0,False,
33,2025-09-08,32106,27928,8057,22187,0,0,0.0,False,
33,2025-09-07,28801,24378,10297,28716,0,0,0.0,False,
33,2025-09-06,21941,18323,7220,20671,0,0,0.0,False,
33,2025-09-05,32416,28021,11815,26750,0,0,0.0,False,
33,2025-09-04,36238,32620,6739,27275,0,0,599.0,False,
33,2025-09-03,27635,24616,7480,26680,0,0,204.0,False,
33,2025-09-02,22828,17925,12252,18478,0,0,0.0,False,
33,2025-09-01,19941,15063,7199,29391,0,0,0.0,False,
33,2025-08-31,36652,33123,7352,25953,0,0,0.0,False,
33,2025-08-30,33753,28889,10095,28266,0,0,0.0,False,
33,2025-08-29,18929,15493,6554,28104,0,0,777.0,False,
33,2025-08-28,34721,30699,10408,22714,0,0,180.0,False,
33,2025-08-27,22175,17417,8366,23083,0,0,0.0,False,
33,2025-08-26,27574,24034,9167,29140,0,0,740.0,False,
33,2025-08-25,25357,20162,6313,19010,0,0,0.0,False,
33,2025-08-24,21186,17639,9114,25852,0,0,379.0,False,
33,2025-08-23,22404,18796,6836,24853,0,0,620.0,False,
33,2025-08-22,30073,26447,6917,21869,0,0,572.0,False,
34,2025-09-21,422,324,138,566,0,0,0.0,False,
34,2025-09-20,559,457,143,447,0,0,0.0,False,
34,2025-09-19,636,517,227,636,0,0,0.0,False,
34,2025-09-18,735,620,251,567,0,0,0.0,False,
34,2025-09-17,713,610,225,600,0,0,0.0,False,
34,2025-09-16,543,460,207,432,0,0,11.0,False,
34,2025-09-15,465,362,268,543,0,0,0.0,False,
34,2025-09-14,477,379,180,411,0,0,0.0,False,
34,2025-09-13,662,582,269,631,0,0,16.0,False,
34,2025-09-12,771,663,260,625,0,0,0.0,False,
34,2025-09-11,753,663,168,573,0,0,0.0,False,
34,2025-09-10,772,669,228,526,0,0,0.0,False,
34,2025-09-09,476,371,180,520,0,0,0.0,False,
34,2025-09-08,596,525,163,475,0,0,18.0,False,
34,2025-09-07,543,454,198,656,0,0,0.0,False,
34,2025-09-06,694,598,161,433,0,0,0.0,False,
34,2025-09-05,446,365,212,471,0,0,11.0,False,
34,2025-09-04,596,504,149,416,0,0,0.0,False,
34,2025-09-03,773,663,263,542,0,0,0.0,False,
34,2025-09-02,674,584,236,417,0,0,0.0,False,
34,2025-09-01,616,502,207,617,0,0,0.0,False,
34,2025-08-31,695,589,208,635,0,0,0.0,False,
34,2025-08-30,440,352,200,671,0,0,9.0,False,
34,2025-08-29,764,656,139,496,0,0,0.0,False,
34,2025-08-28,598,476,245,434,0,0,0.0,False,
34,2025-08-27,554,424,245,473,0,0,0.0,False,
34,2025-08-26,688,597,189,436,0,0,0.0,False,
34,2025-08-25,817,731,170,673,0,0,9.0,False,
34,2025-08-24,633,538,162,447,0,0,4.0,False,
34,2025-08-23,428,320,190,682,0,0,0.0,False,
34,2025-08-22,691,587,154,591,0,0,0.0,False,
35,2025-09-21,113,88,61,120,0,0,0.0,False,
35,2025-09-20,130,117,50,143,0,0,6.0,False,
35,2025-09-19,99,82,59,129,0,0,5.0,False,
35,2025-09-18,113,97,47,103,0,0,6.0,False,
35,2025-09-17,139,127,35,147,0,0,5.0,False,
35,2025-09-16,116,101,43,137,0,0,5.0,False,
35,2025-09-15,125,109,35,137,0,0,6.0,False,
35,2025-09-14,114,92,57,153,0,0,0.0,False,
35,2025-09-13,193,171,54,102,0,0,0.0,False,
35,2025-09-12,180,163,56,108,0,0,0.0,False,
35,2025-09-11,125,107,45,127,0,0,5.0,False,
35,2025-09-10,149,127,54,117,0,0,0.0,False,
35,2025-09-09,126,105,34,130,0,0,0.0,False,
35,2025-09-08,144,122,51,114,0,0,5.0,False,
35,2025-09-07,181,159,64,158,0,0,0.0,False,
35,2025-09-06,172,162,36,131,0,0,6.0,False,
35,2025-09-05,186,167,56,108,0,0,0.0,False,
35,2025-09-04,134,114,54,131,0,0,0.0,False,
35,2025-09-03,152,134,63,108,0,0,3.0,False,
35,2025-09-02,100,77,47,160,0,0,0.0,False,
35,2025-09-01,135,117,56,99,0,0,6.0,False,
35,2025-08-31,163,141,38,127,0,0,0.0,False,
35,2025-08-30,161,137,38,156,0,0,0.0,False,
35,2025-08-29,184,167,56,118,0,0,6.0,False,
35,2025-08-28,100,77,32,113,0,0,0.0,False,
35,2025-08-27,164,148,60,148,0,0,4.0,False,
35,2025-08-26,166,141,48,117,0,0,0.0,False,
35,2025-08-25,115,97,33,148,0,0,2.0,False,
35,2025-08-24,135,119,40,154,0,0,2.0,False,
35,2025-08-23,135,109,34,121,0,0,0.0,False,
35,2025-08-22,164,148,45,107,0,0,5.0,False,
36,2025-09-21,2675,2231,965,2069,0,0,0.0,False,
36,2025-09-20,3439,3115,1003,2864,0,0,101.0,False,
36,2025-09-19,3685,3255,715,2779,0,0,0.0,False,
36,2025-09-18,3598,3288,836,2588,0,0,111.0,False,
36,2025-09-17,2425,1954,841,2268,0,0,0.0,False,
36,2025-09-16,2298,1958,837,2104,0,0,97.0,False,
36,2025-09-15,2970,2615,1213,3064,0,0,94.0,False,
36,2025-09-14,2618,2304,795,1987,0,0,111.0,False,
36,2025-09-13,2368,1878,1169,2730,0,0,0.0,False,
36,2025-09-12,2591,2192,1031,3005,0,0,14.0,False,
36,2025-09-11,2572,2126,905,1964,0,0,0.0,False,
36,2025-09-10,2203,1786,955,2271,0,0,35.0,False,
36,2025-09-09,2139,1649,904,2580,0,0,0.0,False,
36,2025-09-08,2406,2077,1246,2159,0,0,111.0,False,
36,2025-09-07,3354,2976,799,2638,0,0,31.0,False,
36,2025-09-06,2773,2453,732,2275,0,0,104.0,False,
36,2025-09-05,2874,2557,1112,2970,0,0,111.0,False,
36,2025-09-04,2458,2028,653,2336,0,0,0.0,False,
36,2025-09-03,2394,2035,689,2080,0,0,87.0,False,
36,2025-09-02,3342,3028,630,3059,0,0,100.0,False,
36,2025-09-01,2870,2516,649,2921,0,0,108.0,False,
36,2025-08-31,3434,3097,966,2287,0,0,85.0,False,
36,2025-08-30,2010,1620,687,2151,0,0,49.0,False,
36,2025-08-29,3379,2972,679,2065,0,0,45.0,False,
36,2025-08-28,2439,2031,855,2203,0,0,35.0,False,
36,2025-08-27,2995,2625,864,3079,0,0,68.0,False,
36,2025-08-26,2621,2279,1145,2414,0,0,106.0,False,
36,2025-08-25,2406,1964,956,3046,0,0,0.0,False,
36,2025-08-24,2014,1559,1024,2460,0,0,0.0,False,
36,2025-08-23,2233,1723,758,2512,0,0,0.0,False,
36,2025-08-22,2705,2279,814,2863,0,0,0.0,False,
1,2026-09-21,79558,60655,42772,93440,0,0,1699.71,True,2026.0
2,2026-09-21,2942,2275,1071,3304,0,0,0.0,True,2026.0
3,2026-09-21,93980,83198,23673,59717,0,0,2081.6,True,2026.0
4,2026-09-21,161936,114109,101562,233729,0,0,0.0,True,2026.0
5,2026-09-21,63865,54141,22603,43672,0,0,0.0,True,2026.0
6,2026-09-21,3141,2495,1301,3019,0,0,0.0,True,2026.0
7,2026-09-21,176176,150821,57969,115902,0,0,52.289999999999964,True,2026.0
8,2026-09-21,61479,48899,21982,58227,0,0,0.0,True,2026.0
9,2026-09-21,17175,13569,6069,11618,0,0,0.0,True,2026.0
10,2026-09-21,55623,37716,26259,59939,0,0,0.0,True,2026.0
11,2026-09-21,144697,117097,40640,105542,0,0,0.0,True,2026.0
12,2026-09-21,75975,63704,21998,59502,0,0,1520.2000000000003,True,2026.0
13,2026-09-21,186439,158340,68781,115372,0,0,2159.8600000000006,True,2026.0
14,2026-09-21,239762,174325,91499,208406,0,0,0.0,True,2026.0
15,2026-09-21,7097,5848,2842,5626,0,0,0.0,True,2026.0
16,2026-09-21,4926,3909,1643,5241,0,0,182.88,True,2026.0
17,2026-09-21,2718,2361,703,2308,0,0,76.27,True,2026.0
18,2026-09-21,6112,5244,1255,4307,0,0,0.0,True,2026.0
19,2026-09-21,93973,78696,28210,68457,0,0,2193.91,True,2026.0
20,2026-09-21,76454,64463,26559,49917,0,0,0.0,True,2026.0
21,2026-09-21,182497,151624,57288,126872,0,0,0.0,True,2026.0
22,2026-09-21,1110,894,616,1077,0,0,45.83,True,2026.0
23,2026-09-21,112714,79732,54249,117029,0,0,0.0,True,2026.0
24,2026-09-21,95622,80662,25867,75747,0,0,0.0,True,2026.0
25,2026-09-21,6112,4867,3091,9003,0,0,258.01,True,2026.0
26,2026-09-21,611246,534218,113588,425379,0,0,6359.43,True,2026.0
27,2026-09-21,15622,9875,5444,24374,0,0,0.0,True,2026.0
28,2026-09-21,223401,190312,58797,194387,0,0,4676.8099999999995,True,2026.0
29,2026-09-21,941,760,312,792,0,0,0.0,True,2026.0
30,2026-09-21,3083,2459,1084,1984,0,0,0.0,True,2026.0
31,2026-09-21,1660,1353,441,988,0,0,0.0,True,2026.0
32,2026-09-21,40687,32510,9353,38294,0,0,0.0,True,2026.0
33,2026-09-21,34742,29795,8663,24667,0,0,198.77999999999997,True,2026.0
34,2026-09-21,433,301,147,662,0,0,0.0,True,2026.0
35,2026-09-21,167,142,62,136,0,0,3.1799999999999997,True,2026.0
36,2026-09-21,2967,2546,1142,2760,0,0,93.72,True,2026.0
1,2027-09-21,155899,132567,51328,112937,0,0,1321.42,True,2027.0
2,2027-09-21,4378,3540,1419,2983,0,0,0.0,True,2027.0
3,2027-09-21,79920,61387,21289,61345,0,0,0.0,True,2027.0
4,2027-09-21,276921,212350,63754,245052,0,0,0.0,True,2027.0
5,2027-09-21,67098,54899,15795,58719,0,0,531.2400000000002,True,2027.0
6,2027-09-21,4230,3156,1467,2613,0,0,0.0,True,2027.0
7,2027-09-21,174329,131280,49110,159080,0,0,0.0,True,2027.0
8,2027-09-21,76900,65116,13559,57110,0,0,901.0999999999999,True,2027.0
9,2027-09-21,21413,17399,5711,18049,0,0,0.0,True,2027.0
10,2027-09-21,55144,37765,24240,52951,0,0,0.0,True,2027.0
11,2027-09-21,131812,106703,47353,102524,0,0,4847.54,True,2027.0
12,2027-09-21,86365,70660,22270,72827,0,0,1087.4,True,2027.0
13,2027-09-21,133943,88703,52547,160420,0,0,0.0,True,2027.0
14,2027-09-21,338982,272023,112543,252255,0,0,0.0,True,2027.0
15,2027-09-21,6597,5418,2539,7052,0,0,222.10000000000002,True,2027.0
16,2027-09-21,6963,5380,2029,6110,0,0,0.0,True,2027.0
17,2027-09-21,1763,1216,1111,2803,0,0,8.540000000000006,True,2027.0
18,2027-09-21,5062,4063,1581,4561,0,0,2.8200000000000216,True,2027.0
19,2027-09-21,74343,46887,35273,83380,0,0,0.0,True,2027.0
20,2027-09-21,72756,52773,21318,60641,0,0,0.0,True,2027.0
21,2027-09-21,210413,178003,61866,142215,0,0,1483.2400000000007,True,2027.0
22,2027-09-21,1577,1259,484,1299,0,0,15.659999999999997,True,2027.0
23,2027-09-21,122738,75564,40522,150159,0,0,0.0,True,2027.0
24,2027-09-21,87553,70858,36016,75750,0,0,836.0,True,2027.0
25,2027-09-21,6678,4964,2723,6558,0,0,137.02000000000004,True,2027.0
26,2027-09-21,621174,493357,178405,321301,0,0,0.0,True,2027.0
27,2027-09-21,23984,17068,6026,22441,0,0,0.0,True,2027.0
28,2027-09-21,241606,192994,72392,186375,0,0,0.0,True,2027.0
29,2027-09-21,856,710,231,955,0,0,34.28,True,2027.0
30,2027-09-21,3178,2476,881,2183,0,0,0.0,True,2027.0
31,2027-09-21,1455,1121,587,1371,0,0,0.0,True,2027.0
32,2027-09-21,29637,21241,12282,43237,0,0,113.68000000000006,True,2027.0
33,2027-09-21,29733,21444,7794,25690,0,0,0.0,True,2027.0
34,2027-09-21,445,272,160,711,0,0,0.0,True,2027.0
35,2027-09-21,129,102,64,142,0,0,6.36,True,2027.0
36,2027-09-21,2958,2420,1241,2512,0,0,79.44,True,2027.0
1,2028-09-21,119314,92191,40340,120817,0,0,2237.13,True,2028.0
2,2028-09-21,2384,1672,1008,3070,0,0,81.42000000000002,True,2028.0
3,2028-09-21,66013,49938,21619,59634,0,0,2108.8,True,2028.0
4,2028-09-21,261329,201091,109773,229116,0,0,1947.8100000000013,True,2028.0
5,2028-09-21,79814,61602,16691,55770,0,0,0.0,True,2028.0
6,2028-09-21,4525,3247,914,3712,0,0,0.0,True,2028.0
7,2028-09-21,163772,109165,49892,132013,0,0,0.0,True,2028.0
8,2028-09-21,66100,43174,15052,45169,0,0,0.0,True,2028.0
9,2028-09-21,19705,14039,6878,14010,0,0,0.0,True,2028.0
10,2028-09-21,83749,59905,25073,87073,0,0,0.0,True,2028.0
11,2028-09-21,197655,147617,58118,139000,0,0,0.0,True,2028.0
12,2028-09-21,74880,58169,27420,55346,0,0,2414.6000000000004,True,2028.0
13,2028-09-21,133228,84502,65019,187997,0,0,0.0,True,2028.0
14,2028-09-21,254378,177032,98554,195374,0,0,0.0,True,2028.0
15,2028-09-21,6447,4526,2189,7649,0,0,0.0,True,2028.0
16,2028-09-21,6569,5073,2675,5015,0,0,204.64000000000004,True,2028.0
17,2028-09-21,1888,1196,900,2416,0,0,1.8100000000000023,True,2028.0
18,2028-09-21,6457,5459,1578,5150,0,0,134.73000000000002,True,2028.0
19,2028-09-21,127674,103006,40884,69478,0,0,363.7300000000005,True,2028.0
20,2028-09-21,72878,47401,19127,57450,0,0,0.0,True,2028.0
21,2028-09-21,152877,100111,70764,177861,0,0,0.0,True,2028.0
22,2028-09-21,1740,1342,406,1579,0,0,0.0,True,2028.0
23,2028-09-21,203638,162162,72765,153491,0,0,1744.2600000000002,True,2028.0
24,2028-09-21,88496,61549,32755,62534,0,0,0.0,True,2028.0
25,2028-09-21,8295,5639,3426,8644,0,0,0.0,True,2028.0
26,2028-09-21,603090,421944,148512,531519,0,0,0.0,True,2028.0
27,2028-09-21,31893,23729,6577,23929,0,0,0.0,True,2028.0
28,2028-09-21,231185,156370,62853,201911,0,0,0.0,True,2028.0
29,2028-09-21,1001,730,262,883,0,0,0.0,True,2028.0
30,2028-09-21,2130,1505,1024,1863,0,0,0.0,True,2028.0
31,2028-09-21,983,619,406,1539,0,0,6.220000000000006,True,2028.0
32,2028-09-21,30360,14783,15081,30171,0,0,0.0,True,2028.0
33,2028-09-21,21756,10794,7075,21191,0,0,0.0,True,2028.0
34,2028-09-21,852,663,210,575,0,0,0.0,True,2028.0
35,2028-09-21,162,133,38,126,0,0,3.540000000000001,True,2028.0
36,2028-09-21,2209,1549,1112,3155,0,0,86.16,True,2028.0
1,2029-09-21,151533,107244,42439,84810,0,0,0.0,True,2029.0
2,2029-09-21,2905,2047,810,2509,0,0,81.56,True,2029.0
3,2029-09-21,54031,34504,19738,80140,0,0,1828.4000000000005,True,2029.0
4,2029-09-21,209268,112751,95519,213697,0,0,0.0,True,2029.0
5,2029-09-21,84581,58264,28572,45696,0,0,0.0,True,2029.0
6,2029-09-21,3162,1668,1106,3077,0,0,0.0,True,2029.0
7,2029-09-21,155229,88375,41558,143623,0,0,0.0,True,2029.0
8,2029-09-21,69651,51018,23525,56197,0,0,0.0,True,2029.0
9,2029-09-21,21835,14098,5635,15542,0,0,0.0,True,2029.0
10,2029-09-21,61891,33667,23459,74452,0,0,0.0,True,2029.0
11,2029-09-21,127461,72431,41110,103676,0,0,0.0,True,2029.0
12,2029-09-21,86317,65885,36143,78428,0,0,2383.8,True,2029.0
13,2029-09-21,214766,154882,48366,138332,0,0,0.0,True,2029.0
14,2029-09-21,333939,210783,94460,199663,0,0,0.0,True,2029.0
15,2029-09-21,7413,5677,2879,5465,0,0,217.20000000000005,True,2029.0
16,2029-09-21,6676,4087,2534,6334,0,0,0.0,True,2029.0
17,2029-09-21,3657,2986,753,2971,0,0,55.08000000000001,True,2029.0
18,2029-09-21,4510,2798,1244,5398,0,0,0.0,True,2029.0
19,2029-09-21,117019,83951,44257,95511,0,0,0.0,True,2029.0
20,2029-09-21,69267,48542,28459,67389,0,0,0.0,True,2029.0
21,2029-09-21,150675,94109,54511,182385,0,0,0.0,True,2029.0
22,2029-09-21,1280,928,636,1624,0,0,43.32000000000001,True,2029.0
23,2029-09-21,134401,71059,68218,164009,0,0,0.0,True,2029.0
24,2029-09-21,82144,59762,31258,81747,0,0,1782.0000000000005,True,2029.0
25,2029-09-21,10412,7538,2066,10263,0,0,0.0,True,2029.0
26,2029-09-21,596723,418232,164693,494110,0,0,0.0,True,2029.0
27,2029-09-21,30163,20696,9502,20154,0,0,0.0,True,2029.0
28,2029-09-21,291707,221246,57476,254222,0,0,0.0,True,2029.0
29,2029-09-21,1272,921,271,770,0,0,0.0,True,2029.0
30,2029-09-21,2720,1819,891,2065,0,0,0.0,True,2029.0
31,2029-09-21,1779,1231,477,1528,0,0,0.0,True,2029.0
32,2029-09-21,43145,27213,17575,36861,0,0,0.0,True,2029.0
33,2029-09-21,22298,9126,11346,31833,0,0,0.0,True,2029.0
34,2029-09-21,613,353,196,622,0,0,0.0,True,2029.0
35,2029-09-21,154,120,42,138,0,0,3.7200000000000006,True,2029.0
36,2029-09-21,3976,3026,1033,3004,0,0,0.0,True,2029.0
1,2030-09-21,94953,50937,40765,138725,0,0,0.0,True,2030.0
2,2030-09-21,4682,3280,830,3545,0,0,0.0,True,2030.0
3,2030-09-21,55418,26481,22957,63665,0,0,0.0,True,2030.0
4,2030-09-21,202155,101645,97979,248212,0,0,0.0,True,2030.0
5,2030-09-21,57589,24141,27944,58148,0,0,0.0,True,2030.0
6,2030-09-21,4671,2933,1125,4023,0,0,0.0,True,2030.0
7,2030-09-21,177619,124446,35410,165379,0,0,0.0,True,2030.0
8,2030-09-21,71418,39303,24504,43742,0,0,0.0,True,2030.0
9,2030-09-21,19333,11985,6732,17998,0,0,0.0,True,2030.0
10,2030-09-21,95746,60747,25359,74138,0,0,0.0,True,2030.0
11,2030-09-21,190451,130379,54022,168235,0,0,0.0,True,2030.0
12,2030-09-21,105576,65815,36913,94289,0,0,0.0,True,2030.0
13,2030-09-21,184851,108229,54708,127183,0,0,0.0,True,2030.0
14,2030-09-21,344710,211658,79458,208006,0,0,0.0,True,2030.0
15,2030-09-21,6475,4374,2302,6809,0,0,163.75,True,2030.0
16,2030-09-21,5371,2085,1815,7325,0,0,0.0,True,2030.0
17,2030-09-21,3303,2509,648,2734,0,0,58.349999999999994,True,2030.0
18,2030-09-21,6429,4533,1684,4994,0,0,0.0,True,2030.0
19,2030-09-21,124916,79156,43008,108694,0,0,0.0,True,2030.0
20,2030-09-21,58791,24223,24837,64390,0,0,0.0,True,2030.0
21,2030-09-21,178283,108567,42965,163211,0,0,0.0,True,2030.0
22,2030-09-21,1277,607,443,1630,0,0,0.0,True,2030.0
23,2030-09-21,192296,104864,55267,187609,0,0,0.0,True,2030.0
24,2030-09-21,82728,44074,37978,66512,0,0,0.0,True,2030.0
25,2030-09-21,6871,3064,3560,9798,0,0,0.0,True,2030.0
26,2030-09-21,517324,300542,187479,382997,0,0,0.0,True,2030.0
27,2030-09-21,33041,22377,6920,17583,0,0,0.0,True,2030.0
28,2030-09-21,247163,164756,89826,191586,0,0,0.0,True,2030.0
29,2030-09-21,999,650,377,803,0,0,0.0,True,2030.0
30,2030-09-21,2800,1439,1031,1865,0,0,0.0,True,2030.0
31,2030-09-21,1192,544,626,1081,0,0,0.0,True,2030.0
32,2030-09-21,54630,37827,12760,45575,0,0,0.0,True,2030.0
33,2030-09-21,38822,25742,13379,23902,0,0,0.0,True,2030.0
34,2030-09-21,753,508,194,707,0,0,0.0,True,2030.0
35,2030-09-21,172,112,65,170,0,0,0.0,True,2030.0
36,2030-09-21,2927,1959,1145,3518,0,0,36.599999999999994,True,2030.0
